#root,dhatu,gana,meanings
ak1,akaz,BvAxiH,kutilAyAM gawO
akR1,akRUz,BvAxiH,vyApwO
ag1,agaz,BvAxiH,kutilAyAM gawO
afka1,afka,curAxiH,paxe lakRaNe ca
afk1,akiz,BvAxiH,lakRaNe
afga1,afga,curAxiH,paxe lakRaNe ca
afg1,agiz,BvAxiH,gawyarWaH
afG1,aGiz,BvAxiH,gawyAkRepe
ac1,acuz,BvAxiH,gawO yAcane ca
aj1,ajaz,BvAxiH,gawikRepaNayoH
aFc1,aFcuz,BvAxiH,gawipUjanayoH
aFc2,aFcuz,BvAxiH,gawO yAcane ca
aFc3,aciz,BvAxiH,gawO yAcane ca
aFc4,aFcuz,curAxiH,viSeRaNe
aFj1,aFjUz,ruXAxiH,vyakwimrakRaNakAnwigawiRu
aFj2,ajiz,curAxiH,BARArWaH
at1,ataz,BvAxiH,gawO
att1,attaz,BvAxiH,awikramahiMsayoH
att2,attaz,curAxiH,anAxare
ad1,adaz,BvAxiH,uxyame
add1,addaz,BvAxiH,aBiyoge
aN1,aNaz,BvAxiH,SabxArWaH
aN2,aNaz,xivAxiH,prANane
aNT1,aTiz,BvAxiH,gawO
aw1,awaz,BvAxiH,sAwawyagamane
ax1,axaz,axAxiH,BakRaNe
#anoruX1,anoruXaz,xivAxiH,kAme
an1,anaz,axAxiH,prANane
anw1,awiz,BvAxiH,banXane
anx1,axiz,BvAxiH,banXane
anXa1,anXa,curAxiH,xqRtyupaGAwe
aBr1,aBraz,BvAxiH,gawyarWaH
am1,amaz,BvAxiH,gawiSabxasamBakwiRu
#am2,amaz,BvAxiH,MISSING
am3,amaz,curAxiH,roge
amb1,abiz,BvAxiH,Sabxe
amB1,aBiz,BvAxiH,Sabxe
ay1,ayaz,BvAxiH,gawO
ark1,arkaz,curAxiH,swavane wapane ca
arc1,arcaz,BvAxiH,pUjAyAm
arc2,arcaz,curAxiH,pUjAyAm
arj1,arjaz,BvAxiH,arjane
arj2,arjaz,curAxiH,prawiyawne sampAxane ca
arWa1,arWa,curAxiH,upayAcFAyAm
arx1,arxaz,BvAxiH,gawO yAcane ca
arx2,arxaz,curAxiH,hiMsAyAm
arb1,arbaz,BvAxiH,gawO
arv1,arvaz,BvAxiH,hiMsAyAm
arh1,arhaz,BvAxiH,pUjAyAM yogyawve ca
arh2,arhaz,curAxiH,pUjAyAM yogyawve ca
arh3,arhaz,curAxiH,pUjAyAM yogyawve ca
al1,alaz,BvAxiH,BURaNaparyApwivAraNeRu
av1,avaz,BvAxiH,rakRaNagawikAnwiprIwiwqpwyavagamapraveSaSravaNasvAmyarWayAcanakriyecCAxIpwyavApwyAlifganahiMsAxAnaBAgavqxXiRu
aS1,aSUz,svAxiH,vyApwO saMGAwe ca
aS2,aSaz,kryAxiH,Bojane
aR1,aRaz,BvAxiH,gawixIpwyAxAneRu
as1,asaz,BvAxiH,gawixIpwyAxAneRu
as2,asaz,axAxiH,Buvi
as3,asuz,xivAxiH,kRepaNe
ah1,ahaz,svAxiH,vyApwO
#aMSa1,aMSa,curAxiH,
aMsa1,aMsa,curAxiH,samAGAwe
aMh1,ahiz,BvAxiH,gawO
aMh2,ahiz,curAxiH,BARArWaH
AfaHkranx1,AfaHkranxaz,curAxiH,sAwawye
#AfaHSAs1,AfaHSAsuz,axAxiH,icCAyAm
AfaHSaMs1,AfaHSasiz,BvAxiH,icCAyAm
AfaHRax1,AfaHRaxaz,curAxiH,paxArWe gawO ca
AFC1,ACiz,BvAxiH,AyAme
Ap1,Aplqz,svAxiH,vyApwO
Ap2,Aplqz,curAxiH,lamBane
As1,Asaz,axAxiH,upaveSane
i1,iN,axAxiH,gawO
i2,if,axAxiH,aXyayane
i3,ik,axAxiH,smaraNe
iK1,iKaz,BvAxiH,gawyarWaH
ifK1,iKiz,BvAxiH,gawyarWaH
ifg1,igiz,BvAxiH,gawyarWaH
it1,itaz,BvAxiH,gawO
inx1,ixiz,BvAxiH,paramESvarye
inX1,FiinXIz,ruXAxiH,xIpwO
inv1,iviz,BvAxiH,vyApwO
il1,ilaz,wuxAxiH,svapnakRepaNayoH
il2,ilaz,curAxiH,preraNe
iR1,iRaz,xivAxiH,gawO
iR2,iRuz,wuxAxiH,icCAyAm
iR3,iRaz,kryAxiH,ABIkRNye
#I1,If,xivAxiH,gawO
IkR1,IkRaz,BvAxiH,xarSane
IfK1,IKiz,BvAxiH,gawyarWaH
Ij1,Ijaz,BvAxiH,gawikuwsanayoH
Id1,Idaz,axAxiH,swuwO
Id2,Idaz,curAxiH,swuwO
Ir1,Iraz,axAxiH,gawO kampane ca
Ir2,Iraz,curAxiH,kRepe
IrkRy1,IrkRyaz,BvAxiH,IrRyArWaH
IrRy1,IrRyaz,BvAxiH,IrRyArWaH
IS1,ISaz,axAxiH,ESvarye
IR1,IRaz,BvAxiH,gawihiMsAxarSaneRu
IR2,IRaz,BvAxiH,uFCe
Ih1,Ihaz,BvAxiH,ceRtAyAm
u1,uf,BvAxiH,Sabxe
ukR1,ukRaz,BvAxiH,secane
uK1,uKaz,BvAxiH,gawyarWaH
ufK1,uKiz,BvAxiH,gawyarWaH
uc1,ucaz,xivAxiH,samavAye
uC1,uCIz,BvAxiH,vivAse
uC2,uCIz,wuxAxiH,vivAse
ujJ1,ujJaz,wuxAxiH,uwsarge
uFC1,uCiz,BvAxiH,uFCe
uFC2,uCiz,wuxAxiH,uFCe
uT1,uTaz,BvAxiH,upaGAwe
#uT2,uTaz,BvAxiH,
uXras1,uXrasaz,curAxiH,uFCe
unx1,unxIz,ruXAxiH,klexane
ubj1,ubjaz,wuxAxiH,Arjave
uB1,uBaz,wuxAxiH,pUraNe
umB1,umBaz,wuxAxiH,pUraNe
urx1,urxaz,BvAxiH,mAne krIdAyAFca
urv1,urvIz,BvAxiH,hiMsArWaH
uR1,uRaz,BvAxiH,xAhe
uh1,uhizr,BvAxiH,arxane
#UT1,UTaz,BvAxiH,upaGAwe
Una1,Una,curAxiH,parihANe
Uy1,UyIz,BvAxiH,wanwusanwAne
Urj1,Urjaz,curAxiH,balaprANanayoH
UrNu1,UrNuF,axAxiH,AcCAxane
UR1,URaz,BvAxiH,rujAyAm
Uh1,Uhaz,BvAxiH,viwarke
q1,q,BvAxiH,gawiprApaNayoH
q2,q,juhowyAxiH,gawO
qc1,qcaz,wuxAxiH,swuwO
qC1,qCaz,wuxAxiH,gawInxriyapralayamUrwiBAveRu
qj1,qjaz,BvAxiH,gawisWAnArjanopArjaneRu
qFj1,qjiz,BvAxiH,Barjane
#qN1,qNuz,wanAxiH,gawO
qX1,qXuz,xivAxiH,vqxXO
qX2,qXuz,svAxiH,vqxXO
qP1,qPaz,wuxAxiH,hiMsAyAm
qmP1,qmPaz,wuxAxiH,hiMsAyAm
qR1,qRIz,wuxAxiH,gawO
Q1,Q,kryAxiH,gawO
ej1,ejqz,BvAxiH,xIpwO
ej2,ejqz,BvAxiH,kampane
eT1,eTaz,BvAxiH,vibAXAyAm
eX1,eXaz,BvAxiH,vqxXO
eR1,eRqz,BvAxiH,prayawne
oK1,oKqz,BvAxiH,SoRaNAlamarWayoH
oN1,oNqz,BvAxiH,apanayane
kak1,kakaz,BvAxiH,lOlye
#kaK1,kaKaz,BvAxiH,hasane
kaK2,kaKez,BvAxiH,hasane
kag1,kagez,BvAxiH,nocyawe
kafk1,kakiz,BvAxiH,gawyarWaH
kac1,kacaz,BvAxiH,banXane
kaFc1,kaciz,BvAxiH,xIpwibanXanayoH
kat1,katez,BvAxiH,varRAvaraNayoH
kat2,katIz,BvAxiH,gawO
kaT1,kaTaz,BvAxiH,kqcCrajIvane
kad1,kadaz,BvAxiH,maxe
kad2,kadaz,wuxAxiH,maxe
kadd1,kaddaz,BvAxiH,kArkaSye
#kaN1,kaNaz,BvAxiH,SabxArWaH
kaN2,kaNaz,BvAxiH,gawO
kaN3,kaNaz,curAxiH,nimIlane
#kaNT1,kaTiz,BvAxiH,Soke
kaNT2,kaTiz,curAxiH,Soke
kaNd1,kadiz,BvAxiH,maxe
kaNd2,kadiz,BvAxiH,maxe
kaNd3,kadiz,curAxiH,Bexane
kawW1,kawWaz,BvAxiH,SlAGAyAm
kawra1,kawra,curAxiH,SEWilye
kaWa1,kaWa,curAxiH,vAkyaprabanXe
#kax1,kaxaz,BvAxiH,MISSING
kan1,kanIz,BvAxiH,xIpwikAnwigawiRu
kanx1,kaxiz,BvAxiH,AhvAne roxane ca
kanx2,kaxiz,BvAxiH,vEkalye
kab1,kabqz,BvAxiH,varNe
kam1,kamuz,BvAxiH,kAnwO
kamp1,kapiz,BvAxiH,calane kampane ca
karj1,karjaz,BvAxiH,vyaWane
#karNa1,karNa,curAxiH,MISSING
karwa1,karwa,curAxiH,SEWilye
karx1,karxaz,BvAxiH,kuwsiwe Sabxe
karb1,karbaz,BvAxiH,gawO
karv1,karvaz,BvAxiH,xarpe
kala1,kala,curAxiH,gawO safKyAne ca
kal1,kalaz,BvAxiH,SabxasaMKyAnayoH
kal2,kalaz,curAxiH,kRepe
#kal3,kalaz,curAxiH,
kall1,kallaz,BvAxiH,avyakwe Sabxe
kaS1,kaSaz,axAxiH,gawiSAsanayoH
kaR1,kaRaz,BvAxiH,hiMsArWaH
kas1,kasaz,BvAxiH,gawO
kas2,kasaz,axAxiH,gawiSAsanayoH
kAfkR1,kAkRiz,BvAxiH,kAfkRAyAm
kAFc1,kAciz,BvAxiH,xIpwibanXanayoH
kAla1,kAla,curAxiH,iwi pqWagXAwuriwyeke
kAS1,kASqz,BvAxiH,xIpwO
kAS2,kASqz,xivAxiH,xIpwO
kAs1,kAsqz,BvAxiH,SabxakuwsAyAm
ki1,ki,juhowyAxiH,jFAne
kit1,kitaz,BvAxiH,wrAse
kiw1,kiwaz,BvAxiH,nivAse rogApanayane ca
kil1,kilaz,wuxAxiH,SvEwyakrIdanayoH
kIt1,kItaz,curAxiH,varNe
kIl1,kIlaz,BvAxiH,banXane
ku1,kuf,BvAxiH,Sabxe
ku2,ku,axAxiH,Sabxe
ku3,kuf,wuxAxiH,
kuk1,kukaz,BvAxiH,AxAne
kuc1,kucaz,BvAxiH,Sabxe wAre
kuc2,kucaz,BvAxiH,samparcanakOtilyaprawiRtamBavileKaneRu
kuc3,kucaz,wuxAxiH,safkocane
#kuj1,kujuz,BvAxiH,sweyakaraNe
kuFc1,kuFcaz,BvAxiH,kOtilyAlpI BAvayoH
kut1,kutaz,BvAxiH,vEkalye
kut2,kutaz,wuxAxiH,kOtilye
kut3,kutaz,curAxiH,Cexane
kutt1,kuttaz,curAxiH,CexanaBarwsanayoH
kutt2,kuttaz,curAxiH,prawApane
kud1,kudaz,wuxAxiH,bAlye
kuNa1,kuNa,curAxiH,AmanwraNe
kuN1,kuNaz,wuxAxiH,SabxopakaraNayoH
kuNT1,kuTiz,BvAxiH,prawiGAwe
kuNT2,kuTiz,curAxiH,veRtane rakRaNe iwyeke
kuNd1,kudiz,BvAxiH,xAhe
kuNd2,kudiz,BvAxiH,vEkalye
kuNd3,kudiz,curAxiH,Bexane
kuws1,kuwsaz,curAxiH,avakRepaNe
kuW1,kuWaz,xivAxiH,pUwIBAve
kunW1,kuWiz,BvAxiH,hiMsAsaMkleSanayoH
kunW2,kunWaz,kryAxiH,saMSleRaNe
kunxr1,kuxriz,curAxiH,anqwaBARaNe
kup1,kupaz,xivAxiH,kroXe
kup2,kupaz,curAxiH,BARArWaH
kumAra1,kumAra,curAxiH,krIdAyAm
kumb1,kubiz,BvAxiH,AcCAxane
kumb2,kubiz,curAxiH,AcCAxane
kumB1,kuBiz,curAxiH,AcCAxane
kur1,kuraz,wuxAxiH,Sabxe
kurx1,kurxaz,BvAxiH,krIdAyAmeva
kul1,kulaz,BvAxiH,saMswyAne banXuRu ca
kuR1,kuRaz,kryAxiH,niRkarRe
kus1,kusaz,xivAxiH,saMSleRaNe
kusm1,kusmaz,curAxiH,nAmno vA kuwsirasmayane
kuha1,kuha,curAxiH,vismApane
kuMS1,kuSiz,curAxiH,BARArWaH
kuMs1,kusiz,curAxiH,BARArWaH
#kU1,kUf,wuxAxiH,Sabxe
kUj1,kUjaz,BvAxiH,avyakwe Sabxe
kUta1,kUta,curAxiH,pariwApe
kUt1,kUtaz,curAxiH,ApraxAne avasAxane iwyeke
#kUNa1,kUNa,curAxiH,MISSING
kUN1,kUNaz,curAxiH,safkoce
kUl1,kUlaz,BvAxiH,AvaraNe
kq1,kqF,BvAxiH,MISSING
kq2,kqF,svAxiH,hiMsAyAm
kq3,dukqF,wanAxiH,karaNe
kqd1,kqdaz,wuxAxiH,Ganawve
kqNv1,kqviz,BvAxiH,hiMsAkaraNayoSca
kqw1,kqwIz,wuxAxiH,Cexane
kqw2,kqwIz,ruXAxiH,veRtane
kqpa3,kqpa,curAxiH,xOrbalye
kqp1,kqpUz,BvAxiH,sAmarWye
kqp2,kqpaz,curAxiH,avakalkane
kqS1,kqSaz,xivAxiH,wanUkaraNe
kqR1,kqRaz,BvAxiH,vileKane
kqR2,kqRaz,wuxAxiH,vileKane
kQ1,kQ,wuxAxiH,vikRepe
kQ2,kQF,kryAxiH,hiMsAyAm
#kQ3,kQ,kryAxiH,hiMsAyAm
kQw1,kQwaz,curAxiH,saMSabxane
kep1,kepqz,BvAxiH,kampane
kel1,keLz,BvAxiH,calane
#kev1,kevqz,BvAxiH,sevane
#kE1,kE,BvAxiH,Sabxe
kaMs1,kasiz,axAxiH,gawiSAsanayoH
#kLp1,kLpaz,curAxiH,MISSING
#knas1,knasuz,BvAxiH,MISSING
knas2,knasuz,xivAxiH,haraNaxIpwyoH
#knU1,knUF,kryAxiH,Sabxe
knUy1,knUyIz,BvAxiH,Sabxe unxe ca
kmar1,kmaraz,BvAxiH,hUrcCane
kraW1,kraWaz,BvAxiH,hiMsArWaH
#kraW2,kraWaz,curAxiH,MISSING
krax1,kraxaz,BvAxiH,MISSING
kranx1,kraxiz,BvAxiH,AhvAne roxane ca
kranx2,kraxiz,BvAxiH,vEkalye
krap1,krapaz,BvAxiH,kqpAyAM gawO ca
kram1,kramuz,BvAxiH,pAxavikRepe
krI1,dukrIF,kryAxiH,xravyavinimaye
krId1,krIdqz,BvAxiH,vihAre
#kru1,kruf,BvAxiH,Sabxe
kruFc1,kruFcaz,BvAxiH,kOtilyAlpI BAvayoH
krud1,krudaz,wuxAxiH,samvaraNe
kruX1,kruXaz,xivAxiH,kroXe
kruS1,kruSaz,BvAxiH,AhvAne roxane ca
klaW1,klaWaz,BvAxiH,hiMsArWaH
#klax1,klaxaz,BvAxiH,MISSING
klanx1,klaxiz,BvAxiH,AhvAne roxane ca
klanx2,klaxiz,BvAxiH,vEkalye vEkalye iwyeke
klap1,klapaz,curAxiH,vyakwAyAM vAci
klam1,klamuz,xivAxiH,glAnO
klix1,klixUz,xivAxiH,ArxrIBAve
klinx1,klixiz,BvAxiH,parixevane
klinx2,klixiz,BvAxiH,parixevane
kliS1,kliSaz,xivAxiH,upawApe
kliS2,kliSUz,kryAxiH,vibAXane
klIb1,klIbqz,BvAxiH,aXArRtye
#klu1,kluf,BvAxiH,MISSING
kleS1,kleSaz,BvAxiH,avyakwAyAM vAci bAXana iwyanye
kvaN1,kvaNaz,BvAxiH,SabxArWaH
kvaW1,kvaWez,BvAxiH,niRpAke
kRaFj1,kRajiz,BvAxiH,gawixAnayoH
kRaN1,kRaNuz,wanAxiH,hiMsAyAm
kRam1,kRamUzR,BvAxiH,sahane
#kRam2,kRamUzR,xivAxiH,sahane
kRamp1,kRapiz,curAxiH,kRAnwyAm
kRar1,kRaraz,BvAxiH,saFcalane
kRal1,kRalaz,curAxiH,SOcakarmaNi
kRi1,kRi,BvAxiH,kRaye
kRi2,kRi,svAxiH,hiMsAyAm
kRi3,kRi,wuxAxiH,nivAsagawyoH
kRiN1,kRiNuz,wanAxiH,hiMsAyAm
kRipa1,kRipa,curAxiH,preraNe
kRip1,kRipaz,xivAxiH,preraNe
kRip2,kRipaz,wuxAxiH,preraNe
#kRI1,kRIR,kryAxiH,hiMsAyAm
kRIj1,kRIjaz,BvAxiH,avyakwe Sabxe
kRIb1,kRIbqz,BvAxiH,maxe
kRIv1,kRIvuz,BvAxiH,nirasane
kRu1,tukRu,axAxiH,Sabxe
kRux1,kRuxizr,ruXAxiH,sampreRaNe
kRuX1,kRuXaz,xivAxiH,buBukRAyAm
kRuB1,kRuBaz,BvAxiH,saFcalane
kRuB2,kRuBaz,xivAxiH,saFcalane
kRuB3,kRuBaz,kryAxiH,saMcalane
kRur1,kRuraz,wuxAxiH,vileKane
kRev1,kRevuz,BvAxiH,nirasane
kRE1,kRE,BvAxiH,kRaye
kRota1,kRota,curAxiH,kRepe
kRNu1,kRNu,axAxiH,wejane
kRmAy1,kRmAyIz,BvAxiH,viXUnane
kRmIl1,kRmIlaz,BvAxiH,nimeRaNe
kRvix1,FikRvixAz,BvAxiH,
kRvix2,FikRvixAz,xivAxiH,snahenamocanayoH
kRvel1,kRveLz,BvAxiH,calane
Kac1,Kacaz,kryAxiH,BUwaprAxurBAve
Kaj1,Kajaz,BvAxiH,manWe
KaFj1,Kajiz,BvAxiH,gawivEkalye
#Kat1,Kataz,BvAxiH,kAfkRAyAm
Katt1,Kattaz,curAxiH,saMvaraNe
Kad1,Kadaz,curAxiH,Bexane
KaNd1,Kadiz,BvAxiH,manWe
KaNd2,Kadiz,curAxiH,Bexane
Kax1,Kaxaz,BvAxiH,sWErye hiMsAyAM BakRaNe ca
Kan1,Kanuz,BvAxiH,avaxAraNe
#Karj1,Karjaz,BvAxiH,vyaWane pUjane ca
#Karx1,Karxaz,BvAxiH,xanxaSUke
Karb1,Karbaz,BvAxiH,gawO
#Karv1,Karvaz,BvAxiH,xarpe
Kal1,Kalaz,BvAxiH,saFcaye
Kav1,Kavaz,kryAxiH,MISSING
KaR1,KaRaz,BvAxiH,hiMsArWaH
KAx1,KAxqz,BvAxiH,BakRaNe
Kit1,Kitaz,BvAxiH,wrAse
Kix1,Kixaz,xivAxiH,xEnye
#Kix2,Kixaz,wuxAxiH,pariGAwe
Kix3,Kixaz,ruXAxiH,xEnye
Ku1,Kuf,BvAxiH,Sabxe
Kuj1,Kujuz,BvAxiH,sweyakaraNe
#Kud1,Kudaz,wuxAxiH,MISSING
KuNd1,Kudiz,curAxiH,KaNdane
#Kur1,Kuraz,wuxAxiH,Cexane
Kurx1,Kurxaz,BvAxiH,krIdAyAmeva
Keta1,Keta,curAxiH,MISSING
#Keda1,Keda,curAxiH,BakRaNe
Kel1,KeLz,BvAxiH,calane
Kev1,Kevqz,BvAxiH,sevane
KE1,KE,BvAxiH,Kaxane
#Kota1,Kota,curAxiH,MISSING
Kor1,Korqz,BvAxiH,gawiprawiGAwe
Kol1,KoLz,BvAxiH,gawiprawiGAwe
KyA1,KyA,axAxiH,prakaWane
#Kru1,Kruf,BvAxiH,MISSING
gaj1,gajaz,BvAxiH,Sabxe maxe ca
gaj2,gajaz,curAxiH,SabxArWaH
gaFj1,gajiz,BvAxiH,SabxArWaH
gad1,gadaz,BvAxiH,secane
gaNa1,gaNa,curAxiH,safKyAne
gaNd1,gadiz,BvAxiH,vaxanEkaxeSe
gaNd2,gadiz,BvAxiH,vaxanEkaxeSe
gax1,gaxaz,BvAxiH,vyakwAyAM vAci
gax2,gaxIz,curAxiH,xevaSabxe
ganX1,ganXaz,curAxiH,arxane
gam1,gamLz,BvAxiH,gawO
garj1,garjaz,BvAxiH,Sabxe
garj2,garjaz,curAxiH,aBikAfkRAyAm
garx1,garxaz,BvAxiH,Sabxe
garx2,garxaz,curAxiH,aBikAfkRAyAm
garX1,garXaz,curAxiH,aBikAfkRAyAm
garb1,garbaz,BvAxiH,gawO
#gam1,gamL,BvAxiH,gawO
garva1,garva,curAxiH,mAne
garv1,garvaz,BvAxiH,xarpe
garh1,garhaz,BvAxiH,kuwsAyAm
garh2,garhaz,curAxiH,vininxane
gal1,galaz,BvAxiH,axane
gal2,galaz,curAxiH,sravaNe
#gal3,galaz,curAxiH,MISSING
galB1,galBaz,BvAxiH,XArRtye
galh1,galhaz,BvAxiH,kuwsAyAm
gaveRa1,gaveRa,curAxiH,mArgaNe
gA1,gAf,BvAxiH,gawO
gA2,gA,juhowyAxiH,swuwO
gAX1,gAXqz,BvAxiH,prawiRTAlipsayorgranWe ca
gAh1,gAhUz,BvAxiH,vilodane
gu1,guf,BvAxiH,Sabxe
gu2,gu,wuxAxiH,purIRowsarge
#guj1,gujaz,BvAxiH,MISSING
guj2,gujaz,wuxAxiH,Sabxe
guFj1,gujiz,BvAxiH,avyakwe Sabxe
gud1,gudaz,wuxAxiH,rakRAyAm
guNa1,guNa,curAxiH,AmanwraNe
guNT1,guTiz,curAxiH,veRtane
guNd1,gudiz,curAxiH,rakRaNe
#guW1,guWaz,xivAxiH,MISSING
gux1,guxaz,BvAxiH,krIdAyAmeva
guX1,guXaz,kryAxiH,roRe
#gup1,gupUz,BvAxiH,rakRaNe
gup2,gupaz,BvAxiH,gopane
gup3,gupaz,xivAxiH,vyAkulawve
gup4,gupaz,curAxiH,BARArWaH
guP1,guPaz,wuxAxiH,granWe
gumP1,gumPaz,wuxAxiH,granWe
gur1,gurIz,wuxAxiH,uxyamane
gurx1,gurxaz,BvAxiH,krIdAyAmeva
gurx2,gurxaz,curAxiH,pUrva nikewane
gurv1,gurvIz,BvAxiH,uxyamane
guh1,guhUz,BvAxiH,saMvaraNe
#gUr1,gUrIz,xivAxiH,hiMsAgawyoH
gUr2,gUraz,curAxiH,uxyamane
gq1,gq,BvAxiH,secane
gqj1,gqjaz,BvAxiH,SabxArWaH
gqFj1,gqjiz,BvAxiH,garjane
gqX1,gqXuz,xivAxiH,aBikAMkRAyAm
gqha1,gqha,curAxiH,grahaNe
gqh1,gqhUz,BvAxiH,grahaNe
gQ1,gQ,wuxAxiH,nigaraNe
gQ2,gQ,kryAxiH,Sabxe
#gQ3,gQ,curAxiH,vijFAne
gep1,gepqz,BvAxiH,kampane
gev1,gevqz,BvAxiH,sevane
geR1,geRqz,BvAxiH,anvicCAyAm
#gE1,gE,BvAxiH,Sabxe
goma1,goma,curAxiH,upalepane
goRt1,goRtaz,BvAxiH,saMGAwe
granW1,graWiz,BvAxiH,kOtilye
granW2,granWaz,kryAxiH,sanxarBe
granW3,granWaz,curAxiH,sanxarBe
gras1,grasuz,BvAxiH,axane
gras2,grasaz,curAxiH,grahaNe
grah1,grahaz,kryAxiH,upAxAne
grAma1,grAma,curAxiH,AmanwraNe
#gru1,gruf,BvAxiH,MISSING
gruc1,grucuz,BvAxiH,sweyakaraNe
glas1,glasuz,BvAxiH,axane
glah1,glahaz,BvAxiH,grahaNe
gluc1,glucuz,BvAxiH,sweyakaraNe
gluFc1,gluFcuz,BvAxiH,gawO
glep1,glepqz,BvAxiH,xEnye
glev1,glevqz,BvAxiH,sevane
gleR1,gleRqz,BvAxiH,anvicCAyAm
glE1,glE,BvAxiH,harRakRaye
#gl1,glA,BvAxiH,MISSING
GaG1,GaGaz,BvAxiH,hasane
Gat1,Gataz,BvAxiH,ceRtAyAm
Gat2,Gataz,curAxiH,safGAwe
Gat3,Gataz,curAxiH,BARArWaH
Gatt1,Gattaz,BvAxiH,saMGAwe
Gatt2,Gattaz,curAxiH,calane
GaNt1,Gatiz,curAxiH,BARArWaH
Gas1,Gaslqz,BvAxiH,axane
GiNN1,GiNiz,BvAxiH,grahaNe
Gu1,Guf,BvAxiH,Sabxe
Gut1,Gutaz,BvAxiH,parivarwane
Gut2,Gutaz,wuxAxiH,prawiGAwe
GuN1,GuNaz,BvAxiH,grahaNe
GuNN1,GuNiz,BvAxiH,grahaNe
Gur1,Guraz,wuxAxiH,BImArWaSabxayoH
GuR1,GuRizr,BvAxiH,aviSabxane
GuR2,GuRizr,curAxiH,viSabxane
GuMR1,GuRiz,BvAxiH,kAnwikaraNe
GUr1,GUrIz,xivAxiH,hiMsAvayohAnyoH
GUrN1,GUrNaz,BvAxiH,BramaNe
GUrN2,GUrNaz,wuxAxiH,BramaNe
Gq1,Gq,BvAxiH,secane
#Gq2,Gq,juhowyAxiH,kRaraNaxIpwyoH
Gq3,Gq,curAxiH,prasravaNe
GqN1,GqNaz,wuxAxiH,BramaNe
GqN2,GqNuz,wanAxiH,xIpwO
GqNN1,GqNiz,BvAxiH,grahaNe
GqR1,GqRuz,BvAxiH,safGarRe
GrA1,GrA,BvAxiH,ganXopAxAne
#Gru1,Gruf,BvAxiH,MISSING
#fu1,fuf,BvAxiH,gawO
cakAs1,cakAsqz,axAxiH,xIpwO
cak1,cakaz,BvAxiH,wqpwO prawiGAwe ca
cak2,cakaz,BvAxiH,wqpwO
cakk1,cakkaz,curAxiH,vyaWane
cakR1,cakRizf,axAxiH,vyakwAyAM vAci
caFc1,caFcuz,BvAxiH,gawyarWaH
cat1,catez,BvAxiH,varRAvaraNayoH
cat2,cataz,curAxiH,Bexane
caN1,caNaz,BvAxiH,xAne ca
caNd1,cadiz,BvAxiH,kope
caNd2,cadiz,curAxiH,MISSING
caw1,cawez,BvAxiH,yAcane
cax1,caxez,BvAxiH,yAcane
#can1,canaz,BvAxiH,MISSING
can2,canaz,curAxiH,SraxXopakaraNayoH
canx1,caxiz,BvAxiH,AhlAxe xIpwO ca
cap1,capaz,BvAxiH,sAnwvane
#cap2,capaz,curAxiH,MISSING
cam1,camuz,BvAxiH,MISSING
cam2,camaz,BvAxiH,MISSING
cam3,camuz,svAxiH,BakRaNe
camp1,capiz,curAxiH,gawyAm
cay1,cayaz,BvAxiH,gawO
car1,caraz,BvAxiH,gawyarWaH
car2,caraz,curAxiH,saMSaye
carc1,carcaz,BvAxiH,pariBARaNahiMsAwarjaneRu
carc2,carcaz,wuxAxiH,pariBARaNaBarwsanayoH
carc3,carcaz,curAxiH,aXyayane
carb1,carbaz,BvAxiH,gawO
carv1,carvaz,BvAxiH,axane
#cala1,caliH,BvAxiH,kampane
cal1,calaz,BvAxiH,kampane
cal2,calaz,wuxAxiH,vilasane
cal3,calaz,curAxiH,BqwO
caR1,caRaz,BvAxiH,BakRaNe
caha1,caha,curAxiH,parikalkane
cah1,cahaz,BvAxiH,parikalkane
cah2,cahaz,curAxiH,parikalkane
cAy1,cAyqz,BvAxiH,pUjAniSAmanayoH
ci1,ciF,svAxiH,cayane
ci2,ciF,curAxiH,cayane
ci3,ci,curAxiH,BARArWaH
cit1,citaz,BvAxiH,parapreRye
ciw1,ciwIz,BvAxiH,saMjFAne
ciw2,ciwaz,curAxiH,saMcewane
ciwra1,ciwra,curAxiH,ciwrIkaraNe
cinw1,ciwiz,curAxiH,smqwyAm
ciri1,ciri,svAxiH,hiMsAyAm
cil1,cilaz,wuxAxiH,vasane
cill1,cillaz,BvAxiH,SEWilye BAvakaraNe ca
cIk1,cIkaz,curAxiH,AmarRaNe
cIB1,cIBqz,BvAxiH,Sabxe
cIv1,cIvqz,BvAxiH,AxAnasaMvaraNayoH
cIv2,cIvaz,curAxiH,BARArWaH
cukk1,cukkaz,curAxiH,vyaWane
cucy1,cucyaz,BvAxiH,iwyeke
cut1,cutaz,wuxAxiH,Cexane
cut2,cutaz,curAxiH,Cexane
cutt1,cuttaz,curAxiH,alpIBAve
cud1,cudaz,wuxAxiH,samvaraNe
cudd1,cuddaz,BvAxiH,BAvakaraNe
cuNt1,cutiz,curAxiH,Cexane
cuNd1,cudiz,BvAxiH,alpIBAve
cux1,cuxaz,curAxiH,saMcoxane
cup1,cupaz,BvAxiH,manxAyAM gawO
cumb1,cubiz,BvAxiH,vakwrasaMyoge
cumb2,cubiz,curAxiH,hiMsAyAm
cur1,curaz,curAxiH,sweye
cul1,culaz,curAxiH,samucCrAye
cull1,cullaz,BvAxiH,BAvakaraNe
cUr1,cUrIz,xivAxiH,xAhe
cUrN1,cUrNaz,curAxiH,preraNe
cUR1,cURaz,BvAxiH,pAne
cqw1,cqwIz,wuxAxiH,hiMsASranWanayoH
#cqp1,cqpaz,curAxiH,MISSING
cel1,ceLz,BvAxiH,calane
ceRt1,ceRtaz,BvAxiH,ceRtAyAm
cyu1,cyuf,BvAxiH,gawO
cyuw1,cyuwizr,BvAxiH,Asecane
#cyus1,cyusaz,curAxiH,
cy1,cyuz,curAxiH,sahane
CaFj1,Cajiz,curAxiH,kqcCrajIvane
Caxa1,Caxa,curAxiH,apavAraNe
Cax1,Caxizr,BvAxiH,Urjane
Cax2,Caxaz,curAxiH,MISSING
Canx1,Caxiz,curAxiH,saMvaraNe
Cam1,Camuz,BvAxiH,axane
Carx1,Carxaz,curAxiH,vamane
CaR1,CaRaz,BvAxiH,hiMsAyAm
Cix1,Cixizr,ruXAxiH,xvEXIkaraNe
Cixra1,Cixra,curAxiH,karNaBexane
#Cut1,Cutaz,wuxAxiH,Cexane
Cud1,Cudaz,wuxAxiH,MISSING
Cup1,Cupaz,wuxAxiH,sparSe
Cur1,Curaz,wuxAxiH,Cexane
Cqx1,uzcCqxizr,ruXAxiH,xIpwixevanayoH
Cqx2,CqxIz,curAxiH,saMxIpane
#Cqp1,Cqpaz,curAxiH,MISSING
Cexa1,Cexa,curAxiH,xvEXIkaraNe
Co1,Co,xivAxiH,Cexane
jakR1,jakRaz,axAxiH,BakRahasanayoH
jaj1,jajaz,BvAxiH,yuxXe
#jaFj1,jajiz,BvAxiH,yuxXe
jat1,jataz,BvAxiH,safGAwe
jan1,janIz,BvAxiH,MISSING
jan2,janaz,juhowyAxiH,janane
jan3,janIz,xivAxiH,prAxurBAve
#jan4,januz,wuxAxiH,MISSING
jap1,japaz,BvAxiH,vyakwAyAM vAci mAnase ca
jaB1,jaBIz,BvAxiH,gAwravinAme
jam1,jamuz,BvAxiH,axane
jamB1,jaBiz,curAxiH,nASane
jarj1,jarjaz,BvAxiH,pariBARaNahiMsAwarjaneRu
jarj2,jarjaz,wuxAxiH,pariBARANahiMsAwarjaneRu
jal1,jalaz,BvAxiH,GAwane
jal2,jalaz,curAxiH,apavAraNe
jalp1,jalpaz,BvAxiH,vyakwAyAM vAci
jaR1,jaRaz,BvAxiH,hiMsArWaH
jas1,jasuz,xivAxiH,mokRaNe
jas2,jasuz,curAxiH,hiMsAyAm
jas3,jasuz,curAxiH,wAdane
jAgq1,jAgq,axAxiH,nixrAkRaye
ji1,ji,BvAxiH,jaye
#,ji2,ji,BvAxiH jaye aBiBave ca
jinv1,jiviz,BvAxiH,prINanArWaH
#jinv2,jiviz,curAxiH,MISSING
jim1,jimuz,BvAxiH,MISSING
jiri1,jiri,svAxiH,hiMsAyAm
jiR1,jiRuz,BvAxiH,secane
jIv1,jIvaz,BvAxiH,prANaXAraNe
jufg1,jugiz,BvAxiH,varjane
#jud1,judaz,wuxAxiH,gawO
jud2,judaz,curAxiH,preraNe
#juw1,juwqz,BvAxiH,BAsane
juR1,juRIz,wuxAxiH,prIwisevanayoH
juR2,juRaz,curAxiH,pariwarkaNe
jUr1,jUrIz,xivAxiH,hiMsAvayohAnyoH
#jUR1,jURaz,BvAxiH,hiMsAyAm
jqmB1,jqBiz,BvAxiH,gAwravinAme
#jQ1,jQR,BvAxiH,MISSING
jQ2,jQR,xivAxiH,vayohAnO
jQ3,jQ,kryAxiH,vayohAnO
jQ4,jQ,curAxiH,vayohAnO
jeR1,jeRqz,BvAxiH,gawO
jeh1,jehqz,BvAxiH,prayawne gawO ca
jE1,jE,BvAxiH,kRaye
jaMs1,jasiz,curAxiH,rakRaNe
jFap1,jFapaz,curAxiH,jFAnajFApanamAraNawoRaNaniSAnaniSAmaneRu
jFA1,jFA,BvAxiH,mAraNaworaNaniSAmaneRu
jFA2,jFA,kryAxiH,avaboXane
jFA3,jFA,curAxiH,niyoge
jyA1,jyA,kryAxiH,vayohAnO
jyu1,jyuf,BvAxiH,gawO
#jri1,jri,BvAxiH,aBiBave
jri2,jri,curAxiH,vayohAnO
jvar1,jvaraz,BvAxiH,roge
jval1,jvalaz,BvAxiH,xIpwO
#jval2,jvalaz,BvAxiH,xIpwO
Jat1,Jataz,BvAxiH,safGAwe
Jam1,Jamuz,BvAxiH,axane
JarJ1,JarJaz,BvAxiH,pariBARaNahiMsAwarjaneRu
#JarJ2,JarJaz,wuxAxiH,pariBARaNaBarwsanayoH
JaR1,JaRaz,BvAxiH,hiMsArWaH
JaR2,JaRaz,BvAxiH,AxAnasaMvaraNayoH
JQ1,JQ,kryAxiH,iwyeke vayohAnO
JQ2,JQR,xivAxiH,vayohAnO
tafk1,takiz,curAxiH,banXane
tal1,talaz,BvAxiH,vEkalye
tik1,tikqz,BvAxiH,gawyarWaH
tIk1,tIkqz,BvAxiH,gawyarWaH
tval1,tvalaz,BvAxiH,vEkalye
dap1,dapaz,curAxiH,saMGAwe
#damba1,damba,curAxiH,MISSING
dip1,dipaz,xivAxiH,kRepe
dip2,dipaz,wuxAxiH,kRepe
dip3,dipaz,curAxiH,kRepe
dip4,dipaz,curAxiH,saMGAwe
dI1,dIf,BvAxiH,vihAyasA gawO
dI2,dIf,xivAxiH,vihAyasA gawO
DOk1,DOkqz,BvAxiH,gawyarWaH
wak1,wakaz,BvAxiH,hasane
wakR1,wakRUz,BvAxiH,wanUkaraNe
wakR2,wakRaz,BvAxiH,wvacane
wafk1,wakiz,BvAxiH,kqcCrajIvane
wafg1,wagiz,BvAxiH,gawyarWaH
waFc1,waFcuz,BvAxiH,gawyarWaH
#waFc2,waFcUz,ruXAxiH,safkocane
wat1,wataz,BvAxiH,ucCrAye
wad1,wadaz,curAxiH,AGAwe
#wad2,wadaz,curAxiH,BARArWaH
waNd1,wadiz,BvAxiH,wAdane
wan1,wanuz,wanAxiH,viswAre
wan2,wanuz,curAxiH,SraxXopakaraNayoH hanana iwyanye
wanwr1,wawriz,curAxiH,kutumbaXAraNe
wap1,wapaz,BvAxiH,sanwApe
wap2,wapaz,xivAxiH,ESvarye vA
wap3,wapaz,curAxiH,xAhe
wam1,wamuz,xivAxiH,kAfkRAyAm
way1,wayaz,BvAxiH,gawO
wark1,warkaz,curAxiH,BARArWaH
warj1,warjaz,BvAxiH,Barwsane
warj2,warjaz,curAxiH,MISSING
warx1,warxaz,BvAxiH,hiMsAyAm
wal1,walaz,curAxiH,prawiRTAyAm
#was1,wasuz,xivAxiH,upakRaye
wAy1,wAyqz,BvAxiH,saMwAnapAlanayoH
wik1,wikqz,BvAxiH,gawyarWaH
wik2,wikaz,svAxiH,Askanxane gawO ca
wig1,wigaz,svAxiH,Askanxane gawO ca
wij1,wijaz,BvAxiH,kRamAyAM niSAne ca
wij2,wijaz,curAxiH,niSAne
wip1,wipqz,BvAxiH,kRaraNArWaH
wim1,wimaz,xivAxiH,ArxrIBAve
wil1,wilaz,BvAxiH,gawO
wil2,wilaz,wuxAxiH,snehane
wil3,wilaz,curAxiH,snehane
will1,willaz,BvAxiH,gawO
wIk1,wIkqz,BvAxiH,gawyarWaH
#wIm1,wImaz,xivAxiH,MISSING
wIra1,wIra,curAxiH,karmasamApwO
wIv1,wIvaz,BvAxiH,sWOlye
wuj1,wujaz,BvAxiH,hiMsAyAm
#wuj2,wujaz,curAxiH,MISSING
wuFj1,wujiz,BvAxiH,pAlane
wuFj2,wujiz,curAxiH,hiMsAbalAxAnanikewaneRu
#wuFj3,wujiz,curAxiH,BARArWaH
wut1,wutaz,wuxAxiH,kalahakarmaNi
wud1,wudqz,BvAxiH,wodane
#wud2,wudaz,wuxAxiH,wodane
wuN1,wuNaz,wuxAxiH,kOtilye
wuNd1,wudiz,BvAxiH,wodane
wuwWa1,wuwWa,curAxiH,AvaraNe
wux1,wuxaz,wuxAxiH,vyaWane
wup1,wupaz,BvAxiH,hiMsArWaH
wup2,wupaz,wuxAxiH,hiMsAyAm
wuP1,wuPaz,BvAxiH,hiMsArWaH
wuP2,wuPaz,wuxAxiH,hiMsAyAm
wuB1,wuBaz,BvAxiH,hiMsAyAm
wuB2,wuBaz,xivAxiH,hiMsAyAm
wuB3,wuBaz,kryAxiH,hiMsAyAm
wump1,wumpaz,BvAxiH,hiMsArWaH
wump2,wumpaz,wuxAxiH,hiMsAyAm
wumP1,wumPaz,BvAxiH,hiMsArWaH
wumP2,wumPaz,wuxAxiH,hiMsAyAm
wumb1,wubiz,BvAxiH,arxane
wumb2,wubiz,curAxiH,axarSane arxane iwyeke
wur1,wuraz,juhowyAxiH,wvaraNe
wurv1,wurvIz,BvAxiH,hiMsArWaH
wul1,wulaz,curAxiH,unmAne
wuR1,wuRaz,xivAxiH,prIwO
wus1,wusaz,BvAxiH,Sabxe
wuh1,wuhizr,BvAxiH,arxane
#wUd1,wUdqz,BvAxiH,wodane
wUN1,wUNaz,curAxiH,pUraNe
wUr1,wUrIz,xivAxiH,gawiwvaraNahiMsanayoH
wUl1,wUlaz,BvAxiH,rujAyAm
wUR1,wURaz,BvAxiH,wuRtO
wqkR1,wqkRaz,BvAxiH,gawO
wqN1,wqNuz,wanAxiH,axane
wqx1,uzwqxizr,ruXAxiH,hiMsAZnAxarayoH
#wqp1,wqpaz,xivAxiH,prIdane
wqp2,wqpaz,svAxiH,MISSING
wqp3,wqpaz,wuxAxiH,wqpwO
wqp4,wqpaz,curAxiH,wqpwO
#wqP1,wqPaz,wuxAxiH,MISSING
wqmp1,wqmpaz,wuxAxiH,MISSING
wqmP1,wqmPaz,wuxAxiH,wqpwO xvAvapi PAnwAviwyeke
wqR1,FiwqRaz,xivAxiH,pipAsAyAm
wqh1,wqhUz,wuxAxiH,hiMsAyAm
wqh2,wqhaz,ruXAxiH,hiMsAyAm
wqMh1,wqMhUz,wuxAxiH,hiMsAyAm
wQ1,wQ,BvAxiH,plavanawaraNayoH
wej1,wejaz,BvAxiH,pAlane
wep1,wepqz,BvAxiH,kRaraNArWaH
wev1,wevqz,BvAxiH,xevane
waMs1,wasiz,curAxiH,alafkaraNe
wyaj1,wyajaz,BvAxiH,hAnO
#wraK1,wraKaz,BvAxiH,MISSING
wrafk1,wrakiz,BvAxiH,gawyarWaH
#wrafK1,wraKiz,BvAxiH,MISSING
wranx1,wraxiz,BvAxiH,ceRtAyAm
wrap1,wrapUzR,BvAxiH,lajjAyAm
wras1,wrasIz,xivAxiH,uxvege
wras2,wrasaz,curAxiH,XAraNagrahaNavAraNeRu
wrut1,wrutaz,wuxAxiH,Cexane
wrut2,wrutaz,curAxiH,Cexane
wrup1,wrupaz,BvAxiH,hiMsArWaH
#wruP1,wruPaz,BvAxiH,hiMsArWaH
wrump1,wrumpaz,BvAxiH,hiMsArWaH
#wrumP1,wrumPaz,BvAxiH,hiMsArWaH
wrE1,wrEf,BvAxiH,pAlane
wrOk1,wrOkqz,BvAxiH,gawyarWaH
wraMs1,wrasiz,curAxiH,BARArWaH
wvakR1,wvakRUz,BvAxiH,wanUkaraNe
wvafg1,wvagiz,BvAxiH,gawyarWaH
wvac1,wvacaz,wuxAxiH,samvaraNe
wvaFc1,wvaFcuz,BvAxiH,gawyarWaH
wvar1,FiwvarAz,BvAxiH,saMBrame
wviR1,wviRaz,BvAxiH,xIpwO
wsar1,wsaraz,BvAxiH,CaxmagawO
#Wip1,Wipqz,BvAxiH,MISSING
Wud1,Wudaz,wuxAxiH,samvaraNe
#Wurv1,WurvIz,BvAxiH,hiMsArWaH
Wep1,Wepqz,BvAxiH,MISSING
xakR1,xakRaz,BvAxiH,vqxXO SIGrArWe ca
xakR2,xakRaz,BvAxiH,gawihiMsanayoH
xaG1,xaGaz,svAxiH,GAwane pAlane ca
xaNda1,xaNdaz,curAxiH,xaNdanipAwane
xax1,xaxaz,BvAxiH,xAne
#xaX1,xaXaz,BvAxiH,XAraNe
xam1,xamuz,xivAxiH,upaSame
xamB1,xamBuz,svAxiH,xamBane
xay1,xayaz,BvAxiH,xAnagawirakRaNa hiMsAxAneRu
xarixrA1,xarixrA,axAxiH,xurgawO
xal1,xalaz,BvAxiH,viSaraNe
xal2,xalaz,curAxiH,vixAraNe
xas1,xasuz,xivAxiH,upakRaye
#xas2,xasuz,curAxiH,xarSanaxaMSanayoH
xah1,xahaz,BvAxiH,BasmIkaraNe
xA1,xAN,BvAxiH,xAne
xA2,xAp,axAxiH,lavaNe
xA3,duxAF,juhowyAxiH,xAne
xAn1,xAnaz,BvAxiH,KaNdane
xAS1,xASqz,BvAxiH,xAne
xAS2,xASqz,svAxiH,hiMsAyAm
xAs1,xAsqz,BvAxiH,xAne
xinv1,xiviz,BvAxiH,prINanArWaH
xiv1,xivuz,xivAxiH,krIdAvijigIRAvyavahAraxyuwiswuwimoxamaxasvapnakAnwigawiRu
xiv2,xivuz,curAxiH,paripUjane
xiv3,xivuz,curAxiH,marxane
xiS1,xiSaz,wuxAxiH,awisarjane
xih1,xihaz,axAxiH,upacaye
xI1,xIf,xivAxiH,kRaye
xIkR1,xIkRaz,BvAxiH,mONdayejyopanayananiyamavrawAxeSeRu
xIXI1,xIXIf,axAxiH,xIpwixevanayoH
xIp1,xIpIz,xivAxiH,xIpwO
xu1,xu,BvAxiH,gawO
xu2,tuxu,svAxiH,upawApe
xurv1,xurvIz,BvAxiH,hiMsArWaH
xul1,xulaz,curAxiH,uwkRepe
xuR1,xuRaz,xivAxiH,vEkqwye
xuh1,xuhizr,BvAxiH,arxane
xuh2,xuhaz,axAxiH,prapUraNe
xuHKa1,xuHKa,curAxiH,wawkriyAyAm
xU1,xUf,xivAxiH,pariwApe
xq1,xq,svAxiH,hiMsAyAm
#xq2,xq,wuxAxiH,Axare
xqp1,xqpaz,xivAxiH,harRamohanayoH
xqp2,xqpaz,wuxAxiH,uwkaleSe
#xqp3,xqpaz,curAxiH,MISSING
xqP1,xqPaz,wuxAxiH,MISSING
xqB1,xqBIz,wuxAxiH,granWe
xqB2,xqBIz,curAxiH,granWe
xqB3,xqBaz,curAxiH,sanxarBe
#xqmp1,xqmpaz,wuxAxiH,MISSING
xqmP1,xqmPaz,wuxAxiH,uwkaleSe
xqS1,xqSizr,BvAxiH,prekRaNe
xqh1,xqhaz,BvAxiH,vqxXO
xqMh1,xqhiz,BvAxiH,vqxXO
#xQ1,xQ,BvAxiH,Baye
xQ2,xQ,kryAxiH,vixAraNe
xe1,xef,BvAxiH,rakRaNe
xev1,xevqz,BvAxiH,xevane
xE1,xEp,BvAxiH,SoXane
xo1,xo,xivAxiH,avaKaNdane
xaMS1,xaMSaz,BvAxiH,xaSane
xaMS2,xaSiz,curAxiH,xaMSane
xaMS3,xaSiz,curAxiH,BARArWaH
xaMs1,xasiz,curAxiH,xaMSane
xaMs2,xasiz,curAxiH,BARArWaH
xyu1,xyu,axAxiH,aBigamane
xyuw1,xyuwaz,BvAxiH,xIpwO
xyE1,xyE,BvAxiH,nyakkaraNe
xram1,xramaz,BvAxiH,gawO
xrA1,xrA,axAxiH,kuwsAyAM gawO
#,xrAK1,xrAKqz,BvAxiH SoRaNAlamarWayoH
xrAG1,xrAGqz,BvAxiH,sAmarWye AyAme ca
#xrAfkR1,xrAkRiz,BvAxiH,GoravAsiwe AkAfkRAyAm ca
xrAd1,xrAdqz,BvAxiH,viSaraNe
xrAh1,xrAhqz,BvAxiH,nixrAkRaye
xru1,xru,BvAxiH,gawO
xruN1,xruNaz,wuxAxiH,hiMsAgawikOtilyeRu
xruh1,xruhaz,xivAxiH,jiGAMsAyAm
#xrU1,xrUF,kryAxiH,hiMsAyAm
xrek1,xrekqz,BvAxiH,SabxowsAhayoH
xrE1,xrE,BvAxiH,svapne
xviR1,xviRaz,axAxiH,aprIwO
#xvq1,xvq,BvAxiH,saMvaraNe
Xakk1,Xakkaz,curAxiH,vyaWane
XaN1,XaNaz,BvAxiH,Sabxe
Xan1,Xanaz,juhowyAxiH,XAnye
Xanv1,Xaviz,BvAxiH,gawyarWaH
XA1,duXAF,juhowyAxiH,XAraNapoRaNayoH
XAv1,XAvuz,BvAxiH,gawiSuxXayoH
Xi1,Xi,wuxAxiH,XAraNe
#XikR1,XikRaz,BvAxiH,saMxIpanakleSanajIvaneRu
Xinv1,Xiviz,BvAxiH,prINanArWaH
XiR1,XiRaz,juhowyAxiH,Sabxe
XI1,XIf,xivAxiH,AXAre
Xu1,XuF,svAxiH,kampane
XukR1,XukRaz,BvAxiH,saMxIpanakleSanajIvaneRu
#Xurv1,XurvIz,BvAxiH,hiMsArWaH
XU1,XUF,svAxiH,kampane
XU2,XUF,wuxAxiH,viXUnane
#,XU3,XUF,kryAxiH kampane
XU4,XUF,curAxiH,kampane
XUp1,XUpaz,BvAxiH,saMwApe
XUp2,XUpaz,curAxiH,BARArWaH
XUr1,XUrIz,xivAxiH,hiMsAgawyoH
#XUS1,XUSaz,curAxiH,MISSING
XUR1,XURaz,curAxiH,MISSING
XUs1,XUsaz,curAxiH,kAnwikaraNe
Xq1,XqF,BvAxiH,XAraNe
Xq2,Xqf,BvAxiH,avaXvaMsane
#Xq3,Xqf,wuxAxiH,avasWAne
Xqj1,Xqjaz,BvAxiH,gawO
XqFj1,Xqjiz,BvAxiH,gawO
XqR1,FiXqRAz,svAxiH,prAgalBe
XqR2,FiXqRAz,curAxiH,prasahane
XQ1,XQ,kryAxiH,MISSING
Xe1,Xet,BvAxiH,pAne
Xeka1,Xeka,curAxiH,xarSana
#,Xep1,Xepqz,BvAxiH MISSING
Xor1,Xorqz,BvAxiH,gawicAwurye
XmA1,XmA,BvAxiH,SabxAgnisaMyogayoH
XyE1,XyE,BvAxiH,cinwAyAm
#Xraj1,Xrajaz,BvAxiH,gawO
XraFj1,Xrajiz,BvAxiH,gawO
Xras1,uzXrasaz,kryAxiH,uFCe
XrAK1,XrAKqz,BvAxiH,SoRaNAlamarWayoH
#XrAG1,XrAGqz,BvAxiH,MISSING
XrAfkR1,XrAkRiz,BvAxiH,GoravAsiwe AkAfkRAyAm ca
#XrAd1,XrAdqz,BvAxiH,viSaraNe
Xru1,Xru,BvAxiH,sWErye
#Xru2,Xru,wuxAxiH,gawisWEryayoH
Xruv1,Xruvaz,wuxAxiH,MISSING
Xrek1,Xrekqz,BvAxiH,SabxowsAhayoH
XrE1,XrE,BvAxiH,wqpwO
Xvaj1,Xvajaz,BvAxiH,gawO
XvaFj1,Xvajiz,BvAxiH,gawO
XvaN1,XvaNaz,BvAxiH,SabxArWaH
Xvana1,Xvana,curAxiH,Sabxe
Xvan1,Xvanaz,BvAxiH,MISSING
Xvan2,Xvanaz,BvAxiH,Sabxe
XvAfkR1,XvAkRiz,BvAxiH,GoravAsiwe AkAfkRAyAm ca
Xvq1,Xvq,BvAxiH,hUrcCane
XvaMs1,XvaMsuz,BvAxiH,avasraMsane
nakk1,nakkaz,curAxiH,nASane
nakR1,NakRaz,BvAxiH,gawO
naK1,NaKaz,BvAxiH,gawyarWaH
nafK1,NaKiz,BvAxiH,gawyarWaH
nat1,Nataz,BvAxiH,nqwwO
nat2,Nataz,BvAxiH,nqwwO gawAviwyanye
nat3,nataz,curAxiH,avasyanxane
#nat4,nataz,curAxiH,BARArWaH
nax1,Naxaz,BvAxiH,avyakwe Sabxe
nax2,Naxaz,curAxiH,BARArWaH
nanx1,tunaxiz,BvAxiH,samqxXO
naB1,NaBaz,BvAxiH,hiMsAyAm
naB2,NaBaz,xivAxiH,hiMsAyAm
naB3,NaBaz,kryAxiH,hiMsAyAm
nam1,Namaz,BvAxiH,prahvawve Sabxe ca
nay1,Nayaz,BvAxiH,gawO
narx1,narxaz,BvAxiH,Sabxe
nal1,Nalaz,BvAxiH,ganXe
nal2,nalaz,curAxiH,BARArWaH
naS1,NaSaz,xivAxiH,axarSane
nas1,Nasaz,BvAxiH,kOtilye
nah1,Nahaz,xivAxiH,banXane
nAW1,nAWqz,BvAxiH,yAcFopawApESvaryASIHRu
#nAX1,nAXqz,BvAxiH,yAcFopawApESvaryASIHRu
nAs1,NAsqz,BvAxiH,Sabxe
nikR1,NikRaz,BvAxiH,cumbane
nij1,Nijizr,juhowyAxiH,SOcapoRaNayoH
niFj1,Nijiz,axAxiH,SuxXO
#nix1,Nixqz,BvAxiH,kuwsAsannikarRayoH
ninx1,Nixiz,BvAxiH,kuwsAyAm
ninv1,Niviz,BvAxiH,secane sevane cewyeke
nil1,Nilaz,wuxAxiH,gahane
nivAsa1,nivAsa,curAxiH,AcCAxane
niS1,NiSaz,BvAxiH,samAXO
niRk1,niRkaz,curAxiH,parimANe
niMs1,Nisiz,axAxiH,cumbane
nI1,NIF,BvAxiH,prApaNe
nIl1,NIlaz,BvAxiH,varNe
nIv1,NIvaz,BvAxiH,sWOlye
nu1,Nu,axAxiH,swuwO
nux1,Nuxaz,wuxAxiH,preraNe
nux2,Nuxaz,wuxAxiH,preraNe
nU1,NU,wuxAxiH,swavane
nqw1,nqwIz,xivAxiH,gAwravikRepe
#nQ1,nQ,BvAxiH,naye
nQ2,nQ,kryAxiH,naye
nex1,Nexqz,BvAxiH,kuwsAsannikarRayoH
#neR1,NeRqz,BvAxiH,gawO
pakR1,pakRaz,BvAxiH,parigraha
pakR2,pakRaz,curAxiH,parigrahe
pac1,dupacazR,BvAxiH,pAke
#paFc1,paciz,BvAxiH,vyakwIkaraNe
paFc2,paciz,curAxiH,viswAravacane
pata1,pata,curAxiH,granWe
pat1,pataz,BvAxiH,gawO
pat2,pataz,curAxiH,BARArWaH
paT1,paTaz,BvAxiH,vyakwAyAM vAci
paN1,paNaz,BvAxiH,vyavahAre swuwO ca
paNd1,padiz,BvAxiH,gawO
paNd2,padiz,curAxiH,nASane
pawa1,pawa,curAxiH,gawO vA
paw1,pawlqz,BvAxiH,gawO
paW1,paWez,BvAxiH,gawO
paW2,paWaz,curAxiH,prakRepe
pax1,paxaz,xivAxiH,gawO
pax2,paxa,curAxiH,gawO
pan1,panaz,BvAxiH,swuwO
panW1,paWiz,curAxiH,gawO
pay1,payaz,BvAxiH,gawO
parNa1,parNa,curAxiH,hariwaBAve
parx1,parxaz,BvAxiH,kuwsiwe Sabxe
parp1,parpaz,BvAxiH,gawO
parb1,parbaz,BvAxiH,gawO
#parv1,parvaz,BvAxiH,pUraNe
pal1,palaz,BvAxiH,gawO
palyUla1,palyUla,curAxiH,lavupavanayoH
paS1,paSaz,curAxiH,banXane
paRa1,paRaz,curAxiH,gawO vA
pA1,pA,BvAxiH,pAne
pA2,pA,axAxiH,rakRaNe
pAra1,pAra,curAxiH,karmasamApwO
pAl1,pAlaz,curAxiH,rakRaNe
pi1,pi,wuxAxiH,gawO
piC1,piCaz,curAxiH,kuttane
#pij1,pijaz,curAxiH,MISSING
piFj1,pijiz,axAxiH,samparcane iwyeke
piFj2,pijiz,curAxiH,hiMsAbalAxAnanikewaneRu
piFj3,pijiz,curAxiH,BARArWaH
pit1,pitaz,BvAxiH,SabxasaMGAwayoH
#piT1,piTaz,BvAxiH,hiMsAsaMkleSanayoH
piNd1,pidiz,BvAxiH,saMGAwe
piNd2,pidiz,curAxiH,safGAwe
pinv1,piviz,BvAxiH,secane sevane cewyeke
piS1,piSaz,wuxAxiH,avayave
piR1,piRLz,ruXAxiH,saMcUrNane
pis1,pisqz,BvAxiH,gawO
pis2,pisaz,curAxiH,gawO
piMs1,pisiz,curAxiH,BARArWaH
pI1,pIf,xivAxiH,pAne
pId1,pIdaz,curAxiH,avagAhane
pIl1,pIlaz,BvAxiH,prawiRtamBe
pIv1,pIvaz,BvAxiH,sWOlye
puta4,puta,curAxiH,saMsarge
#put1,putaz,BvAxiH,marxane
put2,putaz,wuxAxiH,saMSleRaNe
put3,putaz,curAxiH,BARArWaH
putt1,puttaz,curAxiH,alpIBAve
pud1,pudaz,wuxAxiH,uwsarge
puN1,puNaz,wuxAxiH,karmaNi SuBe
puNt1,putiz,curAxiH,BARArWaH
puNd1,pudiz,BvAxiH,KaNdane
puW1,puWaz,xivAxiH,hiMsAyAm
puW2,puWaz,curAxiH,BARArWaH
punW1,puWiz,BvAxiH,hiMsAsaMkleSanayoH
pur1,puraz,wuxAxiH,agragamane
purv1,purvaz,BvAxiH,pUraNe
#purv2,purvaz,curAxiH,MISSING
pul1,pulaz,BvAxiH,mahawwve
pul2,pulaz,curAxiH,mahawwve
puR1,puRaz,BvAxiH,puRtO
puR2,puRaz,xivAxiH,puRtO
puR3,puRaz,kryAxiH,puRtO
puR4,puRaz,curAxiH,XAraNe
#puRp1,puRpaz,xivAxiH,vikasane
pusw1,puswaz,curAxiH,AxarAnAxarayoH
puMs1,puMsaz,curAxiH,aBivarXane
pU1,pUf,BvAxiH,pavane
pU2,pUF,kryAxiH,pavane
pUj1,pUjaz,curAxiH,pUjAyAm
pUy1,pUyIz,BvAxiH,viSaraNe xurganXe ca
pUr1,pUrIz,xivAxiH,ApyAyane
pUr2,pUrIz,curAxiH,ApyAyane
pUrN1,pUrNaz,curAxiH,safGAwe
pUl1,pUlaz,BvAxiH,niRkarRe
pUl2,pUlaz,curAxiH,safGAwe
pUR1,pURaz,BvAxiH,wuRtO
pq1,pq,svAxiH,prIwO
#pq2,pqf,wuxAxiH,vyAyAme
pqc1,pqcIz,axAxiH,samparcane
pqc2,pqcIz,ruXAxiH,samparke
pqc3,pqcaz,curAxiH,saMyamane
#pqFj1,pqjiz,axAxiH,MISSING
pqd1,pqdaz,wuxAxiH,suKane
pqN1,pqNaz,wuxAxiH,prINane
pqW1,pqWaz,curAxiH,prakRepe
#pqR1,pqRuz,BvAxiH,secane hiMsAsaMkleSanayoSca
pQ1,pQ,juhowyAxiH,pAlanapUraNayoH
pQ2,pQ,kryAxiH,pAlanapUraNayoH
pQ3,pQ,curAxiH,pUraNe
pel1,peLz,BvAxiH,gawO
pev1,pevqz,BvAxiH,sevane
peR1,peRqz,BvAxiH,prayawne
pes1,pesqz,BvAxiH,gawO
pE1,pE,BvAxiH,SoRaNe
pEN1,pENqz,BvAxiH,gawiprareNaSleRaNeRu
paMs1,pasiz,curAxiH,nASane
pyAy1,ozpyAyIz,BvAxiH,vqxXO
pyE1,pyEf,BvAxiH,vqxXO
praC1,praCaz,wuxAxiH,jFIpsAyAm
praW1,praWaz,BvAxiH,praKyAne
praW2,praWaz,curAxiH,praKyAne
pras1,prasaz,BvAxiH,viswAre
prA1,prA,axAxiH,pUraNe
prI1,prIF,kryAxiH,warpaNe
prI2,prIf,xivAxiH,prIwO
prI3,prIF,curAxiH,warpaNe
pru1,pruf,BvAxiH,gawO
pruR1,pruRuz,BvAxiH,xAhe
pruR2,pruRaz,kryAxiH,snehasecanapUraNeRu
preR1,preRqz,BvAxiH,gawO
proW1,proWqz,BvAxiH,paryApwO
#plakR1,plakRaz,BvAxiH,MISSING
plih1,plihaz,BvAxiH,gawO
plI1,plI,kryAxiH,gawO
plu1,pluf,BvAxiH,gawO
#pluR1,pluRuz,BvAxiH,xAhe
pluR2,pluRaz,xivAxiH,xAhe
pluR3,pluRaz,xivAxiH,xAhe
pluR4,pluRaz,kryAxiH,snehasecanapUraNeRu
psA1,psA,axAxiH,BakRaNe
Pakk1,Pakkaz,BvAxiH,nIcErgawO
PaN1,PaNaz,BvAxiH,gawO
Pal1,FiPalAz,BvAxiH,viSaraNe
Pal2,Palaz,BvAxiH,niRpawwO
Pull1,Pullaz,BvAxiH,vikasane
#Pel1,Pelqz,BvAxiH,gawO
baN1,baNaz,BvAxiH,Sabxe
bax1,baxaz,BvAxiH,sWErye
baX1,baXaz,BvAxiH,banXane
baX2,baXaz,curAxiH,saMyamane
banX1,banXaz,kryAxiH,banXane
barb1,barbaz,BvAxiH,gawO
barh1,barhaz,BvAxiH,prAXAnye
barh2,barhaz,curAxiH,hiMsAyAm
#bal1,balaz,BvAxiH,prANane XAnyAvaroXane ca
bal2,balaz,curAxiH,prANane
balh1,balhaz,BvAxiH,prAXAnye
balh2,balhaz,curAxiH,BARArWaH
#bas1,basuz,xivAxiH,MISSING
basw1,baswaz,curAxiH,arxane
bAd1,bAdqz,BvAxiH,AplAvye
bAX1,bAXqz,BvAxiH,lodane
bAh1,bAhqz,BvAxiH,prayawne
bit1,bitaz,BvAxiH,AkroSe
binx1,bixiz,BvAxiH,avayave
bil1,bilaz,wuxAxiH,Bexane
bil2,bilaz,curAxiH,Bexane
bukk1,bukkaz,BvAxiH,BaRaNe
bukk2,bukkaz,curAxiH,BaRaNe
bufg1,bugiz,BvAxiH,varjane
buX1,buXaz,BvAxiH,avagamane
buX2,buXizr,BvAxiH,boXane
buX3,buXaz,xivAxiH,avagamane
bunx1,uzbunxizr,BvAxiH,niSAmane
#bul1,bulaz,curAxiH,MISSING
bus1,busaz,xivAxiH,uwsarge
busw1,buswaz,curAxiH,AxarAnAxarayoH
bqh1,bqhaz,BvAxiH,vqxXO
#bqh2,bqhizr,BvAxiH,MISSING
bqh3,bqhUz,wuxAxiH,MISSING
bqMh1,bqhiz,BvAxiH,vqxXO
bqMh2,bqhiz,curAxiH,BARArWaH
baMh1,bahiz,BvAxiH,vqxXO
#byuR1,byuRaz,xivAxiH,MISSING
byus1,byusaz,xivAxiH,MISSING
brU1,brUF,axAxiH,vyakwAyAM vAci
brUs1,brUsaz,curAxiH,hiMsAyAm
#BakR1,BakRaz,BvAxiH,MISSING
BakR2,BakRaz,curAxiH,axane
Baj1,Bajaz,BvAxiH,sevAyAm
Baj2,Bajaz,curAxiH,viSrANane
BaFj1,BaFjoz,ruXAxiH,Amarxane
BaFj2,Bajiz,curAxiH,BARArWaH
Bat1,Bataz,BvAxiH,BqwO
Bat2,Bataz,BvAxiH,pariBARaNe
BaN1,BaNaz,BvAxiH,SabxArWaH
BaNd1,Badiz,BvAxiH,pariBARaNe
BaNd2,Badiz,curAxiH,kalyANe
Banx1,Baxiz,BvAxiH,kalyANe suKe ca
Barws1,Barwsaz,curAxiH,warjane
Barv1,Barvaz,BvAxiH,hiMsAyAm
Bal1,Balaz,BvAxiH,pariBARaNahiMsAxAneRu
Bal2,Balaz,curAxiH,ABaNdane
Ball1,Ballaz,BvAxiH,pariBARaNahiMsAxAneRu
BaR1,BaRaz,BvAxiH,Barwsane
Bas1,Basaz,juhowyAxiH,BarwsanaxIpwyoH
BA1,BA,axAxiH,xIpwO
BAja1,BAjaz,curAxiH,pqWakkarmaNi
BAma1,BAmaz,curAxiH,kroXe
BAm1,BAmaz,BvAxiH,kroXe
BAR1,BARaz,BvAxiH,vyakwAyAM vAci
BAs1,BAsqz,BvAxiH,xIpwO
BikR1,BikRaz,BvAxiH,BikRAyAmalABe lABe ca
Bix1,Bixizr,ruXAxiH,vixAraNe
Binx1,Bixiz,BvAxiH,avayave
BI1,FiBI,juhowyAxiH,Baye
#Buj1,Bujoz,wuxAxiH,kOtilye
Buj2,Bujaz,ruXAxiH,pAlanAByavahArayoH
Buv1,Buvoz,curAxiH,cinwana iwyeke
BU1,BU,BvAxiH,sawwAyAm
BU2,BU,curAxiH,prApwO
BUR1,BURaz,BvAxiH,alafkAre
BUR2,BURaz,curAxiH,alafkaraNe
Bq1,BqF,BvAxiH,BaraNe
Bq2,duBqF,juhowyAxiH,MISSING
Bqj1,BqjIz,BvAxiH,Barjane
Bqd1,Bqdaz,wuxAxiH,samvaraNe nimajjana iwyeke
BqS1,BqSuz,xivAxiH,aXaHpawane
BqMS1,BqSiz,curAxiH,BARArWaH
BQ1,BQ,kryAxiH,Barwsane BaraNe iwyeke
BeR1,BeRqz,BvAxiH,Baye
Byas1,Byasaz,BvAxiH,Baye
BrakR1,BrakRaz,BvAxiH,axane
BraN1,BraNaz,BvAxiH,SabxArWaH
Bram1,Bramuz,BvAxiH,calane
Bram2,Bramuz,xivAxiH,anavasWAne
#BraS1,BraSuz,BvAxiH,MISSING
Brasj1,Brasjaz,wuxAxiH,pAke
BrAj1,BrAjqz,BvAxiH,xIpwO
#BrAj2,tuBrAjqz,BvAxiH,MISSING
BrAS1,tuBrASqz,BvAxiH,xIpwO
BrI1,BrI,kryAxiH,Baye BaraNe iwyeke
BrUN1,BrUNaz,curAxiH,ASAviSafkayoH
#Brej1,Brejqz,BvAxiH,xIpwO
BreR1,BreRqz,BvAxiH,gawO
BraMS1,BraMSuz,BvAxiH,MISSING
BraMS2,BraMSuz,xivAxiH,aXaHpawane
BraMs1,BraMsuz,BvAxiH,avasraMsane
BlakR1,BlakRaz,BvAxiH,axane
BlAS1,tuBlASqz,BvAxiH,xIpwO
#BleR1,BleRqz,BvAxiH,gawO
maK1,maKaz,BvAxiH,gawyarWaH
mafk1,makiz,BvAxiH,maNdane
mafK1,maKiz,BvAxiH,gawyarWaH
#mafg1,magiz,BvAxiH,gawyarWaH
mafG1,maGiz,BvAxiH,gawyAkRepe
mafG2,maGiz,BvAxiH,maNdane
#mac1,macaz,BvAxiH,kalkane
maFc1,maciz,BvAxiH,XAraNocCrAyapUjaneRu
maT1,maTaz,BvAxiH,maxanivAsayoH
maN1,maNaz,BvAxiH,SabxArWaH
maNT1,maTiz,BvAxiH,Soke
maNd1,madiz,BvAxiH,viBAjane
maNd2,madiz,BvAxiH,BURAyAm
maNd3,madiz,curAxiH,BURAyAM harRe ca
maW1,maWez,BvAxiH,vilodane
max1,maxIz,BvAxiH,harRaglepanayoH
max2,maxIz,xivAxiH,harRe
max3,maxaz,curAxiH,wqpwiyoge
man1,manuz,xivAxiH,jFAne
#,man2,manuz,wanAxiH avaboXane
man3,manaz,curAxiH,MISSING
manwr1,mawriz,curAxiH,gupwapariBARaNe
manW1,manWaz,BvAxiH,vilodane
manW2,maWiz,BvAxiH,hiMsAsaMkleSanayoH
manW3,manWaz,kryAxiH,vilodane
manx1,maxiz,BvAxiH,swuwimoxamaxasvapnakAnwigawiRu
maBr1,maBraz,BvAxiH,gawyarWaH
may1,mayaz,BvAxiH,gawO
marc1,marcaz,curAxiH,SabxArWaH
marb1,marbaz,BvAxiH,gawO
marv1,marvaz,BvAxiH,pUraNe
mal1,malaz,BvAxiH,XAraNe
mall1,mallaz,BvAxiH,XAraNe
mav1,mavaz,BvAxiH,banXane
mavy1,mavyaz,BvAxiH,banXane
maS1,maSaz,BvAxiH,Sabxe roRakqwe ca
maR1,maRaz,BvAxiH,hiMsArWaH
mas1,masIz,xivAxiH,pariNAme
mask1,maskaz,BvAxiH,gawyarWaH
#masj1,tumasjoz,wuxAxiH,SuxXO
maha1,mahaz,curAxiH,pUjAyAm
mah1,mahaz,BvAxiH,pUjAyAm
mA1,mA,axAxiH,mAne
mA2,mAf,juhowyAxiH,mAne Sabxe ca
mA3,mAf,xivAxiH,mAne
#mAfkR1,mAkRiz,BvAxiH,kAfkRAyAm
mAn1,mAnaz,BvAxiH,pUjAyAm
mAn2,mAnaz,curAxiH,pUjAyAm
mArg1,mArgaz,curAxiH,anveRaNe
mArj1,mArjaz,curAxiH,SabxArWaH
mAh1,mAhqz,BvAxiH,mAne
mi1,dumiF,svAxiH,prakRepaNe
miC1,miCaz,wuxAxiH,uwkleSe
miFj1,mijiz,curAxiH,BARArWaH
#miW1,miWqz,BvAxiH,MISSING
mix1,mixqz,BvAxiH,meXAhiMsanayoH
mix2,FimixAz,BvAxiH,snehane
#mix3,FimixAz,xivAxiH,snehane
miX1,miXqz,BvAxiH,MISSING
minx1,mixiz,curAxiH,snehane
minv1,miviz,BvAxiH,secane sevane cewyeke
mil1,milaz,wuxAxiH,SleRaNe
#mil2,milaz,wuxAxiH,safgame
miS1,miSaz,BvAxiH,Sabxe roRakqwe ca
miSra1,miSra,curAxiH,samparke
miR1,miRuz,BvAxiH,secane
miR2,miRaz,wuxAxiH,sparxXAyAm
mih1,mihaz,BvAxiH,secane
mI1,mIf,xivAxiH,hiMsAyAm
mI2,mIF,kryAxiH,banXane
mI3,mI,curAxiH,gawO
mIm1,mImqz,BvAxiH,gawO Sabxe ca
mIl1,mIlaz,BvAxiH,nimeRaNe
mIv1,mIvaz,BvAxiH,sWOlye
muc1,muclqz,wuxAxiH,mokRaNe
muc2,mucaz,curAxiH,pramocane moxane ca
muj1,mujaz,BvAxiH,SabxArWaH
muFc1,muciz,BvAxiH,kalkane
muFj1,mujiz,BvAxiH,SabxArWaH
mut1,mutaz,BvAxiH,marxane
mut2,mutaz,wuxAxiH,AkRepamarxanayoH
mut3,mutaz,curAxiH,saFcUrNane
muN1,muNaz,wuxAxiH,prawijFAne
muNT1,muTiz,BvAxiH,pAlane
muNd1,mudiz,BvAxiH,mArjane
muNd2,mudiz,BvAxiH,KaNdane
mux1,muxaz,BvAxiH,harRe
mux2,muxaz,curAxiH,saMsarge
mur1,muraz,wuxAxiH,saMveRtane
murC1,murCAz,BvAxiH,mohasamucCrAyayoH
murv1,murvIz,BvAxiH,banXane
muR1,muRaz,kryAxiH,sweye
mus1,musaz,xivAxiH,KaNdane
musw1,muswaz,curAxiH,safGAwe
#muh1,muhaz,xivAxiH,vEciwye
mU1,mUf,BvAxiH,banXane
#mU2,mUF,kryAxiH,MISSING
mUwra1,mUwra,curAxiH,prasravaNe
mUl1,mUlaz,BvAxiH,prawiRTAyAm
mUl2,mUlaz,curAxiH,rohaNe
mUR1,mURaz,BvAxiH,sweye
mq1,mqf,wuxAxiH,prANawyAge
mqkR1,mqkRaz,BvAxiH,saMGAwe
mqga1,mqga,curAxiH,anveRaNe
mqj1,mqjUzR,axAxiH,SuxXO
mqj2,mqjUz,curAxiH,SOcAlafkArayoH
mqd1,mqdaz,wuxAxiH,suKane
mqd2,mqdaz,kryAxiH,kRoxe
mqN1,mqNaz,wuxAxiH,hiMsAyAm
mqx1,mqxaz,kryAxiH,kRoxe
mqX1,mqXuz,BvAxiH,unxane
mqS1,mqSaz,wuxAxiH,AmarSane
mqR1,mqRuz,BvAxiH,secane sahane ca
mqR2,mqRaz,xivAxiH,wiwikRAyAm
mqR3,mqRaz,curAxiH,wiwikRAyAm
mQ1,mQ,kryAxiH,hiMsAyAm
me1,mef,BvAxiH,praNixAne
#meW1,meWqz,BvAxiH,MISSING
mex1,mexqz,BvAxiH,meXAhiMsanayoH
#meX1,meXqz,BvAxiH,safgame
mep1,mepqz,BvAxiH,gawO
mev1,mevqz,BvAxiH,sevane
#mokR1,mokRaz,curAxiH,MISSING
maMh1,mahiz,BvAxiH,vqxXO
maMh2,mahiz,curAxiH,BARArWaH
mnA1,mnA,BvAxiH,aByAse
mrakR1,mrakRaz,BvAxiH,saMGAwe
#mraC1,mraCaz,curAxiH,mlecCane
mrax1,mraxaz,BvAxiH,marxane
mruc1,mrucuz,BvAxiH,gawyarWaH
mruFc1,mruFcuz,BvAxiH,gawyarWaH
mred1,mredqz,BvAxiH,unmAxe
mluc1,mlucuz,BvAxiH,gawyarWaH
mluFc1,mluFcuz,BvAxiH,gawyarWaH
mleC1,mleCaz,BvAxiH,avyakwe Sabxe
mleC2,mleCaz,curAxiH,avyakwAyAM vAci
mlet1,mletqz,BvAxiH,unmAxe
mlev1,mlevqz,BvAxiH,sevane
mlE1,mlE,BvAxiH,harRakRaye
yakR1,yakRaz,curAxiH,pUjAyAm
yaj1,yajaz,BvAxiH,xevapUjAsafgawikaraNaxAneRu
yaw1,yawIz,BvAxiH,prayawne
yaw2,yawaz,curAxiH,nikAropaskArayoH
yanwr1,yawriz,curAxiH,saMkocane
yaB1,yaBaz,BvAxiH,mEWune
yam1,yamoz,BvAxiH,apariveRaNe
yam2,yamaz,BvAxiH,uparame
yam3,yamaz,curAxiH,pariveRaNe
yas1,yasuz,xivAxiH,prayawne
yA1,yA,axAxiH,prApaNe
yAc1,tuyAcqz,BvAxiH,yAcFAyAm
yu1,yu,axAxiH,miSraNeZmiSraNe ca
yu2,yuF,kryAxiH,banXane
yu3,yu,curAxiH,jugupsAyAm
yufg1,yugiz,BvAxiH,varjane
yuC1,yuCaz,BvAxiH,pramAxe
yuj1,yujaz,xivAxiH,samAXO
yuj2,yujIzr,ruXAxiH,yoge
yuj3,yujaz,curAxiH,saMyamane
yuw1,yuwqz,BvAxiH,BAsane
yuX1,yuXaz,xivAxiH,saMprahAre
yup1,yupaz,xivAxiH,vimohane
yUR1,yURaz,BvAxiH,hiMsAyAm
yeR1,yeRqz,BvAxiH,prayawne
yOt1,yOtqz,BvAxiH,banXe
rak1,rakaz,curAxiH,AsvAxane
rakR1,rakRaz,BvAxiH,pAlane
raK1,raKaz,BvAxiH,gawyarWaH
rag1,ragez,BvAxiH,SafkAyAm
rag2,ragaz,curAxiH,AsvAxane
raG1,raGaz,curAxiH,AsvAxane
rafK1,raKiz,BvAxiH,gawyarWaH
rafg1,ragiz,BvAxiH,gawyarWaH
rafG1,raGiz,BvAxiH,gawyarWaH
rafG2,raGiz,curAxiH,BARArWaH
raca1,raca,curAxiH,prawiyawne
raFj1,raFjoz,BvAxiH,MISSING
raFj2,raFjaz,BvAxiH,rAge
raFj3,raFjaz,xivAxiH,rAge
rat1,rataz,BvAxiH,pariBARaNe
raT1,raTaz,BvAxiH,pariBARaNe
raN1,raNaz,BvAxiH,SabxArWaH
raN2,raNaz,BvAxiH,gawO
raNv1,raviz,BvAxiH,gawyarWaH
rax1,raxaz,BvAxiH,vileKane
raX1,raXaz,xivAxiH,hiMsAsaMrAXyoH
rap1,rapaz,BvAxiH,vyakwAyAM vAci
raP1,raPaz,BvAxiH,gawO
raB1,raBaz,BvAxiH,rABasye
ram1,ramuz,BvAxiH,krIdAyAm
ramP1,raPiz,BvAxiH,gawO
ramb1,rabiz,BvAxiH,Sabxe
ramB1,raBiz,BvAxiH,Sabxe
ray1,rayaz,BvAxiH,gawO
rasa1,rasa,curAxiH,AsvAxanasnehanayoH
ras1,rasaz,BvAxiH,Sabxe
raha1,raha,curAxiH,wyAge
rah1,rahaz,BvAxiH,wyAge
rah2,rahaz,curAxiH,wyAge
rA1,rA,axAxiH,xAne
rAK1,rAKqz,BvAxiH,SoRaNAlamarWayoH
rAG1,rAGqz,BvAxiH,sAmarWye
rAj1,rAjqz,BvAxiH,xIpwO
rAX1,rAXoz,xivAxiH,vqxXO
rAX2,rAXaz,svAxiH,saMsixXO
rAs1,rAsqz,BvAxiH,Sabxe
ri1,ri,svAxiH,hiMsAyAm
ri2,ri,wuxAxiH,gawO
riK1,riKaz,BvAxiH,MISSING
rifg1,rigiz,BvAxiH,gawyarWaH
ric1,ricizr,ruXAxiH,virecane
ric2,ricaz,curAxiH,viyojanasaMparcanayoH
riNv1,riviz,BvAxiH,gawyarWaH
riP1,riPaz,wuxAxiH,kawWanayuxXaninxAhiMsAxAneRu
riS1,riSaz,wuxAxiH,hiMsAyAm
riR1,riRaz,BvAxiH,hiMsArWaH
rih1,rihaz,wuxAxiH,kawWanayuxXaninxAhiMsAxAneRu
rI1,rIf,xivAxiH,SravaNe
rI2,rI,kryAxiH,gawireRaNayoH
ru1,ruf,BvAxiH,gawireRaNayoH
ru2,ru,axAxiH,Sabxe
ruc1,rucaz,BvAxiH,xIpwAvaBiprIwO ca
ruj1,rujoz,wuxAxiH,Bafge
ruj2,rujaz,curAxiH,hiMsAyAm
rut1,rutaz,BvAxiH,prawiGAwe
rut2,rutaz,curAxiH,MISSING
rut3,rutaz,curAxiH,BARArWaH
ruT1,ruTaz,BvAxiH,upaGAwe
ruNt1,rutiz,BvAxiH,sweye
ruNT1,ruTiz,BvAxiH,gawO
rux1,ruxizr,axAxiH,aSruvimocane
ruX1,ruXizr,ruXAxiH,AvaraNe
rup1,rupaz,xivAxiH,vimohane
ruS1,ruSaz,wuxAxiH,hiMsAyAm
ruR1,ruRaz,BvAxiH,hiMsArWaH
ruR2,ruRaz,xivAxiH,hiMsAyAm
ruR3,ruRaz,curAxiH,roRe
ruh1,ruhaz,BvAxiH,bIjajanmani prAxurBAve ca
ruMS1,ruSiz,curAxiH,BARArWaH
ruMs1,rusiz,curAxiH,BARArWaH
rUkRa1,rUkRa,curAxiH,pAruRye
rUpa1,rUpa,curAxiH,rUpakriyAyAm
rUR1,rURaz,BvAxiH,BURAyAm
rek1,rekqz,BvAxiH,SafkAyAm
ret1,retqz,BvAxiH,pariBARaNe
rep1,repqz,BvAxiH,gawO
reB1,reBqz,BvAxiH,Sabxe
rev1,revqz,BvAxiH,plavagawO
reR1,reRqz,BvAxiH,avyakwe Sabxe
rE1,rE,BvAxiH,SabxE
rod1,rodqz,BvAxiH,unmAxe
rOd1,rOdqz,BvAxiH,anAxare
raMh1,rahiz,BvAxiH,gawO
raMh2,rahiz,curAxiH,BARArWaH
lakR1,lakRaz,curAxiH,xarSanAfkanayoH
lakR2,lakRaz,curAxiH,lakRaNe
laK1,laKaz,BvAxiH,gawyarWaH
lag1,lagez,BvAxiH,safge
lag2,lagaz,curAxiH,AsvAxane
lafK1,laKiz,BvAxiH,gawyarWaH
lafg1,lagiz,BvAxiH,gawyarWaH
lafG1,laGiz,BvAxiH,gawyarWaH BojananivqwwAvapi
lafG2,laGiz,BvAxiH,MISSING
lafG3,laGiz,curAxiH,BARArWaH
laC1,laCaz,BvAxiH,lakRaNe
laj1,lajaz,BvAxiH,Barjane
laj2,ozlajIz,wuxAxiH,vrIdAyAm
laj3,lajaz,curAxiH,apavAraNe
laj4,lajaz,curAxiH,prakASane
laFj1,lajiz,BvAxiH,Barjane
laFj2,lajiz,curAxiH,hiMsAbalAxAnanikewaneRu
laFj3,lajiz,curAxiH,BARArWaH
laFj4,lajiz,curAxiH,MISSING
lat1,lataz,BvAxiH,bAlye
lad1,ladaz,BvAxiH,vilAse
lad2,ladiH,BvAxiH,jihvonmaWane
lad3,ladaz,curAxiH,upasevAyAm
laNd1,ozladiz,curAxiH,uwkRepaNe
laNd2,ladiz,curAxiH,BARArWaH
lap1,lapaz,BvAxiH,vyakwAyAM vAci
laB1,dulaBazR,BvAxiH,prApwO
lamb1,labiz,BvAxiH,Sabxe
larb1,larbaz,BvAxiH,gawO
lal1,lalaz,curAxiH,IpsAyAm
laR1,laRaz,BvAxiH,kAnwO
las1,lasaz,BvAxiH,SleRaNakrIdanayoH
las2,lasaz,curAxiH,Silpayoge
lasj1,ozlasjIz,wuxAxiH,vrIdAyAm
lA1,lA,axAxiH,AxAne
lAK1,lAKqz,BvAxiH,SoRaNAlamarWayoH
lAG1,lAGqz,BvAxiH,sAmarWye
lAj1,lAjaz,BvAxiH,Barwsane ca
lAFC1,lACiz,BvAxiH,lakRaNe
lAFj1,lAjiz,BvAxiH,Barwsane ca
lABa1,lABa,curAxiH,preraNe
liK1,liKaz,wuxAxiH,akRaravinyAse
lifg1,ligiz,BvAxiH,gawyarWaH
lifg2,ligiz,curAxiH,ciwrIkaraNe
lip1,lipaz,wuxAxiH,upaxehe
liS1,liSaz,xivAxiH,alpIBAve
liS2,liSaz,wuxAxiH,gawO
lih1,lihaz,axAxiH,AsvAxane
lI1,lIf,xivAxiH,SleRaNe
#lI2,lI,kryAxiH,SleRaNe
lI3,lI,curAxiH,xravIkaraNe
#luFc1,luFcaz,BvAxiH,apanayane
luFj1,lujiz,curAxiH,hiMsAbalAxAnanikewaneRu
luFj2,lujiz,curAxiH,BARArWaH
lut1,lutaz,BvAxiH,vilodane
lut2,lutaz,BvAxiH,prawiGAwe
#lut3,lutaz,xivAxiH,vilodane
lut4,lutaz,wuxAxiH,MISSING
lut5,lutaz,curAxiH,BARArWaH
luT1,luTaz,BvAxiH,upaGAwe
#luT2,luTaz,xivAxiH,MISSING
luT3,luTaz,wuxAxiH,saMSleRaNayoH
lud1,ludaz,BvAxiH,vilodane
#lud2,ludaz,BvAxiH,prawiGAwe
luNt1,lutiz,BvAxiH,sweye
luNT1,luTiz,BvAxiH,Alasye prawiGAwe ca
luNT2,luTiz,BvAxiH,gawO
luNT3,luNTaz,curAxiH,sweye
lunW1,luWiz,BvAxiH,hiMsAsaMkleSanayoH
#lup1,lupaz,xivAxiH,vimohane
lup2,luplqz,wuxAxiH,Cexane
luB1,luBaz,xivAxiH,gArXye
luB2,luBaz,wuxAxiH,vimohane
lumb1,lubiz,BvAxiH,arxane
lumb2,lubiz,curAxiH,AcCAxane
lU1,lUF,kryAxiH,Cexane
lUR1,lURaz,BvAxiH,BURAyAm
lUR2,lURaz,curAxiH,MISSING
lep1,lepqz,BvAxiH,gawO
lok1,lokqz,BvAxiH,xarSane
lok2,lokqz,curAxiH,BARArWaH
loc1,locqz,BvAxiH,xarSane
loc2,locqz,curAxiH,BARArWaH
lod1,lodqz,BvAxiH,unmAxe
loRt1,loRtaz,BvAxiH,calane
vakR1,vakRaz,BvAxiH,roRe
vaK1,vaKaz,BvAxiH,gawyarWaH
vafk1,vakiz,BvAxiH,gawyarWaH
vafK1,vaKiz,BvAxiH,gawyarWaH
vafg1,vagiz,BvAxiH,gawyarWaH
#vafG1,vaGiz,BvAxiH,gawyAkRepe
vac1,vacaz,axAxiH,pariBARaNe
vac2,vacaz,curAxiH,pariBARaNe
vaj1,vajaz,BvAxiH,gawO
vaFc1,vaFcuz,BvAxiH,gawyarWaH
vaFc2,vaFcuz,curAxiH,pralamBane
vata1,vata,curAxiH,granWe
vata2,vata,curAxiH,viBAjane granWe ca
#vat1,vataz,BvAxiH,veRtane
vat2,vataz,BvAxiH,pariBARaNe
vaT1,vaTaz,BvAxiH,sWOlye
vaN1,vaNaz,BvAxiH,SabxArWaH
vaNt1,vatiz,curAxiH,viBAjane
#vaNt2,vatiz,curAxiH,MISSING
vaNT1,vaTiz,BvAxiH,ekacaryAyAm
vaNd1,vadiz,BvAxiH,viBAjane
vaNd2,vadiz,curAxiH,viBAjane
vax1,vaxaz,BvAxiH,vyakwAyAM vAci
vax2,vaxaz,curAxiH,sanxeSavacane
van1,vanaz,BvAxiH,Sabxe
van2,vanuz,BvAxiH,nocyawe
van3,vanuz,wanAxiH,yAcane
vanx1,vaxiz,BvAxiH,aBivAxanaswuwyoH
vap1,duvapaz,BvAxiH,bIjasanwAne
vaBr1,vaBraz,BvAxiH,gawyarWaH
#vam1,vamaz,BvAxiH,MISSING
vam2,tuvamaz,BvAxiH,uxigaraNe
vay1,vayaz,BvAxiH,gawO
vara1,vara,curAxiH,IpsAyAm
varc1,varcaz,BvAxiH,xIpwO
varNa1,varNa,curAxiH,varNakriyAviswAraguNavacaneRu
varN1,varNaz,curAxiH,preraNe
varX1,varXaz,curAxiH,CexanapUraNayoH
varR1,varRaz,BvAxiH,snehane
varh1,varhaz,BvAxiH,pariBARaNahiMsAcCAxaneRu
#varh2,varhaz,curAxiH,MISSING
val1,valaz,BvAxiH,saMvaraNe saFcaraNe ca
valk1,valkaz,curAxiH,pariBARaNe
valg1,valguz,BvAxiH,gawyarWaH
valB1,valBaz,BvAxiH,Bojane
vall1,vallaz,BvAxiH,saMvaraNe saFcaraNe ca
valh1,valhaz,BvAxiH,pariBARaNahiMsAcCAxaneRu
vaS1,vaSaz,axAxiH,kAnwO
vaR1,vaRaz,BvAxiH,hiMsArWaH
vaRka1,vaRka,curAxiH,xarSane
vasa1,vasa,curAxiH,nivAse
vas1,vasaz,BvAxiH,nivAse
vas2,vasaz,axAxiH,AcCAxane
vas3,vasuz,xivAxiH,swamBe
vas4,vasaz,curAxiH,snehamohacCexApaharaNeRu
vask1,vaskaz,BvAxiH,gawyarWaH
vah1,vahaz,BvAxiH,prApaNe
vA1,vA,axAxiH,gawiganXanayoH
vAfkR1,vAkRiz,BvAxiH,kAfkRAyAm
vAFC1,vACiz,BvAxiH,icCAyAm
vAwa1,vAwa,curAxiH,suKasevanayoH
vAS1,vASqz,xivAxiH,Sabxe
vAsa1,vAsa,curAxiH,upasevAyAm
vAh1,vAhqz,BvAxiH,prayawne
vic1,vicizr,ruXAxiH,pqWagBAve
viC1,viCaz,wuxAxiH,gawO
viC2,viCaz,curAxiH,BARArWaH
vij1,vijizr,juhowyAxiH,varaNe
vij2,ozvijIz,wuxAxiH,BayacalanayoH
vij3,ozvijIz,ruXAxiH,BayacalanayoH
vit1,vitaz,BvAxiH,Sabxe
viW1,viWqz,BvAxiH,yAcane
vix1,vixaz,axAxiH,jFAne
vix2,vixaz,xivAxiH,sawwAyAm
vix3,vixLz,wuxAxiH,lABe
vix4,vixaz,ruXAxiH,vicArane
vix5,vixaz,curAxiH,cewanAKyAnanivAseRu
viX1,viXaz,wuxAxiH,viXAne
vil1,vilaz,wuxAxiH,saMvaraNe
vil2,vilaz,curAxiH,kRepe
#viS1,viSaz,wuxAxiH,praveSane
viR1,viRuz,BvAxiH,secane
viR2,viRLz,juhowyAxiH,vyApwO
#viR3,viRaz,kryAxiH,viprayoge
viRka1,viRka,curAxiH,xarSane
viRk1,viRkaz,curAxiH,hiMsAyAm
vis1,visaz,xivAxiH,preraNe
vI1,vI,axAxiH,gawivyApwiprajanakAnwyasanaKAxaneRu
vIra1,vIra,curAxiH,vikrAnwO
vq1,vq,BvAxiH,MISSING
vq2,vqF,svAxiH,varaNe
#vq3,vqf,kryAxiH,samBakwO
vq4,vqF,curAxiH,AvaraNe
vqk1,vqkaz,BvAxiH,AxAne
vqkR1,vqkRaz,BvAxiH,varaNe
vqj1,vqjIz,axAxiH,varjane
vqj2,vqjIz,ruXAxiH,varjane
vqj3,vqjIz,curAxiH,varjane
vqN1,vqNaz,wuxAxiH,prINane
vqw1,vqwuz,BvAxiH,varwane
vqw2,vqwuz,xivAxiH,varaNe
vqw3,vqwuz,curAxiH,BARArWaH
vqX1,vqXuz,BvAxiH,vqxXO
vqX2,vqXuz,curAxiH,BARArWaH
vqS1,vqSaz,xivAxiH,AvaraNe
vqR1,vqRuz,BvAxiH,secane hiMsAsaMkleSanayoSca
vqR2,vqRaz,curAxiH,SakwibanXane
vqh1,vqhUz,wuxAxiH,uxyamane
vQ1,vQF,kryAxiH,varaNe
vQ2,vQ,kryAxiH,varaNe
ve1,veF,BvAxiH,wanwusanwAne
veN1,veNqz,BvAxiH,gawijFAnacinwAniSAmanavAxiwragrahaNeRu
veW1,veWqz,BvAxiH,yAcane
#ven1,venqz,BvAxiH,
vep1,tuvepqz,BvAxiH,kampane
vela1,vela,curAxiH,kAlopaxeSe
vel1,veLz,BvAxiH,calane
vell1,vellaz,BvAxiH,calane
vevI1,vevIf,axAxiH,vewinA wulye
veRt1,veRtaz,BvAxiH,veRtane
veh1,vehqz,BvAxiH,prayawne
vE1,ozvE,BvAxiH,SoRaNe
vyac1,vyacaz,wuxAxiH,vyAjIkaraNe
vyaW1,vyaWaz,BvAxiH,BayasaFcalanayoH
vyaX1,vyaXaz,xivAxiH,wAdane
vyaya1,vyaya,curAxiH,viwwasamuwsarge
vyay1,vyayaz,BvAxiH,gawO
vyuR1,vyuRaz,xivAxiH,xAhe viBAge ca
vyuR2,vyuRaz,xivAxiH,viBAge
vye1,vyeF,BvAxiH,saMvaraNe
vraj1,vrajaz,BvAxiH,gawO
vraj2,vrajaz,curAxiH,mArgasaMskAragawyoH
vraNa1,vraNa,curAxiH,gAwravicUrNane
vraN1,vraNaz,BvAxiH,SabxArWaH
vraSc1,ozvraScUz,wuxAxiH,Cexane
vrI1,vrIf,xivAxiH,vqNowyarWe
vrI2,vrI,kryAxiH,varaNe
vrId1,vrIdaz,xivAxiH,coxane lajjAyAFca
vrud1,vrudaz,wuxAxiH,samvaraNe
vlI1,vlI,kryAxiH,varaNe
Sak1,Saklqz,svAxiH,SakwO
Sak2,Sakaz,xivAxiH,marRaNe
Safk1,Sakiz,BvAxiH,SafkAyAm
Sac1,Sacaz,BvAxiH,vyakwAyAM vAci
Sat1,Sataz,BvAxiH,rujAviSaraNa gawyavasAxaneRu
#SaT1,SaTaz,BvAxiH,kEwave ca
SaT2,SaTaz,curAxiH,asaMskAragawyoH
SaT3,SaTaz,curAxiH,slAGAyAm
SaT4,SaTa,curAxiH,samyag avaBARaNe
SaN1,SaNaz,BvAxiH,xAne ca
SaNd1,Sadiz,BvAxiH,rujAyAM saMGAwe ca
Sax1,SaxLz,BvAxiH,SAwane
#Sax2,Saxlqz,wuxAxiH,SAwane
Sap1,Sapaz,BvAxiH,AkroSe
Sap2,Sapaz,xivAxiH,AkroSe
Sabx1,Sabxaz,curAxiH,upasargAnaviRkAre ca
Sam1,Samoz,BvAxiH,xarSane
Sam2,Samuz,xivAxiH,upaSame
Sam3,Samaz,curAxiH,Alocane
Samb1,Sambaz,curAxiH,saMbanXane
Sarb1,Sarbaz,BvAxiH,gawO
Sarv1,Sarvaz,BvAxiH,hiMsAyAm
Sal1,Salaz,BvAxiH,calanasaMvaraNayoH
Sal2,Salaz,BvAxiH,gawO
SalB1,SalBaz,BvAxiH,kawWane
Sav1,Savaz,BvAxiH,gawO
SaS1,SaSaz,BvAxiH,pluwagawO
SaR1,SaRaz,BvAxiH,hiMsArWaH
Sas1,Sasuz,BvAxiH,hiMsAyAm
SAK1,SAKqz,BvAxiH,vyApwO
SAd1,SAdqz,BvAxiH,SlAGAyAm
SAn1,SAnaz,BvAxiH,wejane
SAs1,SAsuz,axAxiH,anuSiRtO
Si1,SiF,svAxiH,niSAne
SikR1,SikRaz,BvAxiH,vixyopAxAne
#SifK1,SiKiz,BvAxiH,
SifG1,SiGiz,BvAxiH,AGrANe
SiFj1,Sijiz,axAxiH,avyakwe Sabxe
Sit1,Sitaz,BvAxiH,anAxare
Sil1,Silaz,wuxAxiH,uFCe
SiR1,SiRaz,BvAxiH,hiMsArWaH
SiR2,SiRLz,ruXAxiH,viSeRaNe
SiR3,SiRaz,curAxiH,asarvopayoge
SI1,SIf,axAxiH,svapne
SIk1,SIkqz,BvAxiH,secane
SIk2,SIkaz,curAxiH,BARArWaH
#SIk3,SIkaz,curAxiH,AmarRaNe
SIB1,SIBqz,BvAxiH,kawWane
SIla1,SIla,curAxiH,upaXAraNe
SIl1,SIlaz,BvAxiH,samAXO
Suc1,Sucaz,BvAxiH,Soke
#Suc2,IzSucizr,xivAxiH,pUwIBAve
Sucy1,Sucyaz,BvAxiH,aBiRave
SuT1,SuTaz,BvAxiH,gawiprawiGAwe
SuT2,SuTaz,curAxiH,Alasye
SuNT1,SuTiz,BvAxiH,SoRaNe
SuNT2,SuTiz,curAxiH,SoRaNe
SuX1,SuXaz,xivAxiH,SOce
Sun1,Sunaz,wuxAxiH,gawO
SunX1,SunXaz,BvAxiH,SuxXO
SunX2,SunXaz,curAxiH,SOcakarmaNi
#SuB1,SuBaz,BvAxiH,BARaNe
SuB2,SuBaz,BvAxiH,xIpwO
#SuB3,SuBaz,xivAxiH,MISSING
SuB4,SuBaz,wuxAxiH,SoBArWe
#SuB5,SuBaz,kryAxiH,MISSING
#SumB1,SumBaz,BvAxiH,BARaNe BAsana iwyeke hiMsAyAm iwyanye
SumB2,SumBaz,wuxAxiH,SoBArWe
Sulk1,Sulkaz,curAxiH,awisparSane
Sulb1,Sulbaz,curAxiH,mAne
SuR1,SuRaz,xivAxiH,SoRaNe
SUra1,SUra,curAxiH,vikrAnwO
SUr1,SUrIz,xivAxiH,hiMsAswamBanayoH
SUrp1,SUrpaz,curAxiH,mAne
SUl1,SUlaz,BvAxiH,AvaraNe
SUR1,SURaz,BvAxiH,prasave
SqX1,SqXuz,BvAxiH,SabxakuwsAyAm
SqX2,SqXuz,BvAxiH,unxane
SqX3,SqXuz,curAxiH,prasahane
SQ1,SQ,kryAxiH,hiMsAyAm
Sel1,Selqz,BvAxiH,gawO
Sev1,Sevqz,BvAxiH,sevane
SE1,SE,BvAxiH,Sabxe
So1,So,xivAxiH,wanUkaraNe
SoN1,SoNqz,BvAxiH,varNagawyoH
SOt1,SOtqz,BvAxiH,garve
SaMs1,SaMsuz,BvAxiH,swuwO xurgawAviwi xurgaH
Scyuw1,Scyuwizr,BvAxiH,kRaraNe
SmIl1,SmIlaz,BvAxiH,nimeRaNe
SyE1,SyEf,BvAxiH,gawO
Srafk1,Srakiz,BvAxiH,gawO
Srafg1,Sragiz,BvAxiH,gawyarWaH
SraN1,SraNaz,BvAxiH,xAne ca
SraN2,SraNaz,curAxiH,xAne
SraWa1,SraWa,curAxiH,xOrbalye
SraW1,SraWaz,BvAxiH,hiMsArWaH
SraW2,SraWaz,curAxiH,prayawne
SraW3,SraWaz,curAxiH,mokRaNe
SranW1,SraWiz,BvAxiH,SEWilye
SranW2,SranWaz,kryAxiH,vimocanaprawiharRayoH
SranW3,SranWaz,curAxiH,sanxarBe
Sram1,Sramuz,xivAxiH,wapasi
SramB1,SramBuz,BvAxiH,pramAxe
SrA1,SrA,BvAxiH,pAke
SrA2,SrA,axAxiH,pAke
Sri1,SriF,BvAxiH,sevAyAm
SriR1,SriRuz,BvAxiH,xAhe
#SrI1,SrIF,kryAxiH,pAke
Sru1,Sru,BvAxiH,SravaNe
SrE1,SrE,BvAxiH,pAke
SroN1,SroNqz,BvAxiH,safGAwe
Slafk1,Slakiz,BvAxiH,gawO
Slafg1,Slagiz,BvAxiH,gawyarWaH
SlaW1,SlaWaz,BvAxiH,hiMsArWaH
SlAK1,SlAKqz,BvAxiH,vyApwO
SlAG1,SlAGqz,BvAxiH,kawWane
SliR1,SliRuz,BvAxiH,xAhe
SliR2,SliRaz,xivAxiH,Alifgane
SliR3,SliRaz,curAxiH,SleRaNe
#Slok1,Slokqz,BvAxiH,safGAwe
SloN1,SloNqz,BvAxiH,saMGAwe
#Svafk1,Svakiz,BvAxiH,gawyarWaH
Svac1,Svacaz,BvAxiH,gawO
SvaFc1,Svaciz,BvAxiH,gawO
SvaT1,SvaTaz,curAxiH,asaMskAragawyoH
SvaT2,SvaTa,curAxiH,samyag avaBARaNe
SvaNT1,SvaTiz,curAxiH,asaMskAragawyoH
SvaBr1,SvaBraz,curAxiH,gawyAm
Svarw1,Svarwaz,curAxiH,gawyAm
Sval1,Svalaz,BvAxiH,ASugamane
Svalk1,Svalkaz,curAxiH,pariBARaNe
Svall1,Svallaz,BvAxiH,ASugamane
Svas1,Svasaz,axAxiH,prANane
Svi1,tuozSvi,BvAxiH,gawivqxXayoH
Sviw1,SviwAz,BvAxiH,varNe
Svinx1,Svixiz,BvAxiH,SvEwye
RTiv1,RTivuz,BvAxiH,nirasane
RTiv2,RTivuz,xivAxiH,nirasane
sag1,Ragez,BvAxiH,saMvaraNe
saG1,RaGaz,svAxiH,hiMsAyAm
sac1,Racaz,BvAxiH,secane sevane ca
sac2,Racaz,BvAxiH,samavAye
saFj1,RaFjaz,BvAxiH,safge
sat1,Rataz,BvAxiH,avayave
satt1,Rattaz,curAxiH,hiMsAyAm
saN1,RaNaz,BvAxiH,samBakwO
sawra1,sawra,curAxiH,sanwAnakriyAyAm
sax1,RaxLz,BvAxiH,viSaraNagawyavasAxaneRu
sax2,Raxlqz,wuxAxiH,viSaraNagawyavasAxaneRu
san1,RaNuz,wanAxiH,xAne
sap1,Rapaz,BvAxiH,samavAye
saBAja1,saBAja,curAxiH,MISSING
sam1,Ramaz,BvAxiH,avEkalye
#sam2,samIz,xivAxiH,MISSING
samb1,Rambaz,curAxiH,saMbanXane
sarj1,Rarjaz,BvAxiH,arjane
#sarb1,Rarbaz,BvAxiH,gawO
sarv1,Rarvaz,BvAxiH,hiMsAyAm
sal1,Ralaz,BvAxiH,gawO
sas1,Rasaz,axAxiH,svapne
sasj1,Rasjaz,BvAxiH,gawO
sah1,Rahaz,BvAxiH,marRaNe
sah2,Rahaz,xivAxiH,cakyarWe
sah3,Rahaz,curAxiH,marRaNe
sAX1,sAXaz,svAxiH,saMsixXO
sAnwv1,RAnwvaz,curAxiH,sAmaprayoge
sAma1,sAma,curAxiH,sAnwvaprayoge
sAmb1,sAmbaz,curAxiH,saMbanXane
sAra1,sAra,curAxiH,xOrbalye
si1,RiF,svAxiH,banXane
si2,RiF,kryAxiH,banXane
sic1,Ricaz,wuxAxiH,kRaraNasa
sit1,Ritaz,BvAxiH,anAxare
siX1,RiXuz,BvAxiH,gawyAm
siX2,RiXUz,BvAxiH,SAswre mAfgalye ca
siX3,RiXuz,xivAxiH,saMrAxXO
siB1,RiBuz,BvAxiH,hiMsAyAm
#simB1,RimBuz,BvAxiH,hiMsAyAm
sil1,Rilaz,wuxAxiH,uFCe
siv1,Rivuz,xivAxiH,wanwusanwAne
su1,Ru,BvAxiH,prasavESvaryayoH
su2,Ru,axAxiH,prasavESvaryayoH
su3,RuF,svAxiH,aBiRave
suKa1,suKa,curAxiH,wawkriyAyAm
sutt1,Ruttaz,curAxiH,anAxare
sur1,Ruraz,wuxAxiH,ESvaryaxIpwyoH
suh1,Ruhaz,xivAxiH,cakyarWe
sU1,RUf,axAxiH,prANigarBavimocane
sU2,RUf,xivAxiH,prANiprasave
sU3,RU,wuxAxiH,preraNe
sUca1,sUca,curAxiH,pESunye
sUwra1,sUwra,curAxiH,veRtane
sUx1,RUxaz,BvAxiH,kRaraNe
sUx2,RUxaz,curAxiH,kRaraNe
sUrkR1,sUrkRaz,BvAxiH,Axare
sUrkRy1,sUrkRyaz,BvAxiH,IrRyArWaH
sq1,sq,BvAxiH,gawO
sq2,sq,juhowyAxiH,gawO
sqj1,sqjaz,xivAxiH,visarge
sqj2,sqjaz,wuxAxiH,visarge
sqp1,sqplqz,BvAxiH,gawO
sqB1,RqBuz,BvAxiH,hiMsAyAm
sqmB1,RqmBuz,BvAxiH,hiMsArWaH
sek1,sekqz,BvAxiH,gawO
sel1,ReLz,BvAxiH,gawO
sev1,Revqz,BvAxiH,sevane
#sE1,RE,BvAxiH,kRaye
so1,Ro,xivAxiH,anwakarmaNi
saMkewa1,saMkewa,curAxiH,AmanwraNe
saMgrAma1,saMgrAma,curAxiH,yuxXe
#saMsw1,Rasiz,axAxiH,MISSING
saMsw2,Raswiz,axAxiH,svapne
skanx1,skanxizr,BvAxiH,gawiSoRaNayoH
skamB1,skaBiz,BvAxiH,prawibanXe
sku1,skuF,kryAxiH,ApravaNe
skunx1,skuxiz,BvAxiH,ApravaNe
sKax1,sKaxaz,BvAxiH,sKaxane
sKax2,sKaxizr,BvAxiH,avapariByAM ca
sKal1,sKalaz,BvAxiH,saMcalane
swak1,Rtakaz,BvAxiH,prawIGAwe
swag1,Rtagez,BvAxiH,saMvaraNe
swana1,swana,curAxiH,xevaSabxe
swan1,Rtanaz,BvAxiH,Sabxe
swam1,Rtamaz,BvAxiH,avEkalye
swamB1,RtaBiz,BvAxiH,prawibanXe
swiG1,RtiGaz,svAxiH,Askanxane
swip1,Rtipqz,BvAxiH,kRaraNArWaH
swim1,Rtimaz,xivAxiH,ArxrIBAve
swIm1,RtImaz,xivAxiH,ArxrIBAve
swu1,RtuF,axAxiH,swuwO
swuc1,Rtucaz,BvAxiH,prasAxe
swup1,Rtupaz,curAxiH,samucCrAye
swuB1,RtuBuz,BvAxiH,swamBe
swq1,swqF,svAxiH,AcCAxane
swqkR1,RtqkRaz,BvAxiH,gawO
swqh1,swqhUz,wuxAxiH,hiMsAyAm
swQ1,swQF,kryAxiH,AcCAxane
swena1,swena,curAxiH,cOrye
#swep1,Rtepqz,BvAxiH,kRaraNArWaH
swE1,RtE,BvAxiH,veRtane
swoma1,swoma,curAxiH,SlAGAyAm
swyE1,swyE,BvAxiH,SabxasafGAwayoH
swyE2,RtyE,BvAxiH,SabxasafGAwayoH
#sWal1,RTalaz,BvAxiH,sWAne
sWA1,RTA,BvAxiH,gawinivqwwO
sWud1,sWudaz,wuxAxiH,samvaraNe
sWUla1,sWUla,curAxiH,parivqMhaNe
snas1,RNasuz,xivAxiH,nirasane
#snA1,snA,BvAxiH,MISSING
snA2,RNA,axAxiH,SOce
snih1,RNihaz,xivAxiH,prIwO
snih2,RNihaz,curAxiH,snehane
snu1,RNu,axAxiH,prasravaNe
snus1,RNusuz,xivAxiH,axane AxAna iwyeke axarSane iwyapare
snuh1,RNuhaz,xivAxiH,uxgiraNe
snE1,RNE,BvAxiH,veRtane SoBAyAM cewyeke
spanx1,spaxiz,BvAxiH,kiFciccalane
sparX1,sparXaz,BvAxiH,safGarRe
spaS1,spaSaz,BvAxiH,bAXanasparSanayoH
spaS2,spaSaz,curAxiH,grahaNasaMSleRaNayoH
#spq1,spq,svAxiH,prIwipAlanayoH prIwicalanayoH iwyanye
spqS1,spqSaz,wuxAxiH,saMsparSane
spqha1,spqha,curAxiH,IpsAyAm
#sPar1,sParaz,wuxAxiH,MISSING
sPAy1,sPAyIz,BvAxiH,vqxXO
#sPit1,sPitaz,curAxiH,MISSING
sPitt1,sPittaz,curAxiH,hiMsAyAm
sPut1,sPutaz,BvAxiH,vikasane
sPut2,sPutizr,BvAxiH,viSaraNe
sPut3,sPutaz,wuxAxiH,vikasane
sPut4,sPutaz,curAxiH,Bexane
sPud1,sPudaz,wuxAxiH,samvaraNe
sPuNt2,sPutiz,curAxiH,parihAse
sPuNd1,sPudiz,curAxiH,parihAse
sPur1,sPuraz,wuxAxiH,saFcalane
#sPurC1,sPurCAz,BvAxiH,viswqwO
sPul1,sPulaz,wuxAxiH,saFcalane
sPUrj1,tuozsPUrjAz,BvAxiH,vajranirGoRe
smi1,Rmif,BvAxiH,IRaxXasane
smi2,Rmif,curAxiH,anAxare
smit1,smitaz,curAxiH,anAxare
#smIl1,smIlaz,BvAxiH,nimeRaNe
smq1,smq,BvAxiH,AXyAne
smq2,smq,BvAxiH,cinwAyAm
smq3,smq,svAxiH,prIwipAlanayoH
syanx1,syanxUz,BvAxiH,prasravaNe
syam1,syamuz,BvAxiH,Sabxe
syam2,syamaz,curAxiH,viwarke
srafk1,srakiz,BvAxiH,gawO
sramB1,sramBuz,BvAxiH,pramAxe
#sramB2,sramBuz,BvAxiH,viSvAse
sriv1,srivuz,xivAxiH,gawiSoRaNayoH
sru1,sru,BvAxiH,gawO
srek1,srekqz,BvAxiH,gawO
sraMs1,sraMsuz,BvAxiH,avasraMsane
svaFj1,RvaFjaz,BvAxiH,pariRvafge
svax1,Rvaxaz,BvAxiH,AsvAxane
svax2,Rvaxaz,curAxiH,AsvAxane
svan1,svanaz,BvAxiH,avawaMsane
#,svan2,svanaz,BvAxiH Sabxe
svap1,FiRvapaz,axAxiH,Saye
svara1,svara,curAxiH,AkRepe
svarx1,svarxaz,BvAxiH,AsvAxane
#svaRk1,RvaRkaz,BvAxiH,gawyarWaH
svAx1,svAxaz,BvAxiH,AsvAxane
svAx2,svAxaz,curAxiH,AsvAxane
svix1,FiRvixAz,BvAxiH,snehanamocanayoH
#svix2,FiRvixAz,BvAxiH,avyakwe Sabxe
svix3,FiRvixAz,xivAxiH,gAwraprakRaraNe
svq1,svq,BvAxiH,SabxopAwapayoH
hat1,hataz,BvAxiH,xIpwO
haT1,haTaz,BvAxiH,pluwiSaTawvayoH balAwkAra iwyanye
hax1,haxaz,BvAxiH,purIRowsarge
han1,hanaz,axAxiH,hiMsAgawyoH
hamm1,hammaz,BvAxiH,gawO
hay1,hayaz,BvAxiH,gawO
hary1,haryaz,BvAxiH,gawikAnwyoH
hal1,halaz,BvAxiH,vileKane
has1,hasez,BvAxiH,hasane
hA1,ozhAf,juhowyAxiH,gawO
hA2,ozhAk,juhowyAxiH,wyAge
hi1,hi,svAxiH,gawO vqxXO ca
hikk1,hikkaz,BvAxiH,avyakwe Sabxe
hit1,hitaz,BvAxiH,AkroSe
hiNd1,hidiz,BvAxiH,gawyanAxarayoH
hinv1,hiviz,BvAxiH,prINanArWaH
hil1,hilaz,wuxAxiH,BAvakaraNe
hiRk1,hiRkaz,curAxiH,hiMsAyAm
hiMs1,hisiz,ruXAxiH,hiMsAyAm
hiMs2,hisiz,curAxiH,hiMsAyAm
hu1,hu,juhowyAxiH,xAnAxAnayoH AxAne ca iwyeke
hud1,hudqz,BvAxiH,anAxare
huNd1,hudiz,BvAxiH,saMGAwe
hurC1,hurCAz,BvAxiH,kOtilye
hul1,hulaz,BvAxiH,gawO
hUd1,hUdqz,BvAxiH,gawO
hq1,hqF,BvAxiH,haraNe
hq2,hq,juhowyAxiH,prasahyakaraNe
hqR1,hqRaz,xivAxiH,wuRtO
heT1,heTaz,BvAxiH,vibAXAyAm
#heT2,heTaz,kryAxiH,BUwaprAxurBAve
hed1,hedqz,BvAxiH,anAxare
hed2,hedaz,BvAxiH,veRtane
#hep1,hepqz,BvAxiH,MISSING
heR1,heRqz,BvAxiH,avyakwe Sabxe
hod1,hodqz,BvAxiH,anAxare
#hOd1,hOdqz,BvAxiH,gawO
hnu1,hnuf,axAxiH,apanayane
hmal1,hmalaz,BvAxiH,calane
hrag1,hragez,BvAxiH,saMvaraNe
#hraR1,hraRuz,BvAxiH,alIke
hras1,hrasaz,BvAxiH,Sabxe
hrAx1,hrAxaz,BvAxiH,avyakwe Sabxe
hrI1,hrI,juhowyAxiH,lajjAyAm
hrIC1,hrICaz,BvAxiH,lajjAyAm
hreR1,hreRqz,BvAxiH,avyakwe Sabxe
hlag1,hlagez,BvAxiH,saMvaraNe
hlap1,hlapaz,curAxiH,vyakwAyAM vAci
hlas1,hlasaz,BvAxiH,Sabxe
hlAx1,hlAxIz,BvAxiH,suKe ca
hval1,hvalaz,BvAxiH,calane
hvq1,hvq,BvAxiH,kOtilye
